date,bank,useful_count,rating,sentiment,cleaned_review
"Mar 21, 2020",SBI,133,4.0,positive,state bank india locat nearbi area open save account bank custom servic good got bank statement time bank agent inform everi detail requir easi conveni money deposit
"Mar 20, 2020",SBI,89,5.0,positive,salari account sbi appli card got statement time much satisfi account net bank also function smooth conveni offer card good
"Mar 20, 2020",Axis Bank,48,5.0,positive,use axi bank save account past year transact safe alway secur use net bank well mobil bank servic use money transfer recharg onlyther difficulti face far use save account
"Mar 20, 2020",HDFC Bank,52,5.0,positive,salari bank account hdfc bank mani year got bank statement timethi bank avail area conveni deposit updat passbook issu custom support good experi
"Mar 20, 2020",IDBI,37,5.0,positive,get alert messag idbi bank whenev transact end check account balanc detail use visit branch get good respons end hold save account past year zero balanc account
"Mar 20, 2020",SBI,52,4.0,positive,use save account sbi year dont keep balanc deduct amount keep maintain amount transact emi transfer use account custom servic okay
"Mar 20, 2020",Kotak,44,5.0,positive,year use kotak bank save account realli super servic that still contact custom servic went onlin mention detail open account zero balanc account havent charg debit card fee onc lost debit card day receiv
"Mar 20, 2020",HDFC Bank,35,5.0,positive,sinc maintain save account hdfc bank salari come save account need maintain minimum balanc get offer messag loan offer never spoke custom care cash withdraw shop use get instant messag
"Mar 19, 2020",Axis Bank,29,5.0,positive,execut made open account axi use account last month atm charg atm transact much branch avail citi far didnt face fraudul issu
"Mar 19, 2020",Kotak,28,5.0,positive,came know trial charg open save account kotak app save account process done onlin maintain account year need maintain minimum balanc done much transact account
"Mar 19, 2020",SBI,43,5.0,positive,mother suggest sbi open save account sinc govt employe know benefit detail henc account past year need maintain minimum balanc k atm branch near use get detail updat bank
"Mar 19, 2020",HDFC Bank,26,5.0,positive,use hdfc save account year join previou compani made open salari account bank later resign job convert save account need maintain minimum balanc k kind high maintain amount charg final get call banker provid offer product
"Mar 19, 2020",SBI,41,4.0,positive,sbi best internet bank fast easi access one use save account year withdraw cash time charg mostli take cash atm transcat need maintain minimum balanc get immedi respons custom servic bank employe attitud must chang
"Mar 19, 2020",Axis Bank,29,4.5,positive,hold salari account axi bank past year got immedi alert messag time use mobil app net bank user friendli access need pay rupe around sm charg account servic yearli basi
"Mar 19, 2020",SBI,34,4.0,positive,use save account sbi almost year minimum amount need maintain k monthli basi get otp number time amount debit credit wont get messag end use net bank good access charg rupe yearli need pay
"Mar 19, 2020",HDFC Bank,24,4.0,positive,hdfc bank salari account past year use mobil bank servic use transact money transfer contact custom servic queri wil get good respons satisfi overal bank servic
"Mar 19, 2020",SBI,17,5.0,positive,maintain salari cum save account sbi compani suggest open account need maintain minimum balanc k hidden charg quarter basi sm charg applic rupe atm charg applic cross time month rupe
"Mar 18, 2020",IndusInd Bank,20,4.0,positive,maintain save account indusind past year need maintain minimum balanc account sinc friend work execut recommend open account henc chosen use account transact use get offer messag end
"Mar 18, 2020",Axis Bank,9,4.5,positive,axi given option maintain account hold past year yearli basi charg applic rupe reflect statement well atm branch servic good whenev provid offer use get messag
"Mar 18, 2020",SBI,15,4.0,positive,sinc year use sbi account conveni receiv offer zero balanc account atm facil near custom servic good even respons proper branch okay interest rate
"Mar 18, 2020",HDFC Bank,9,4.0,positive,hold salari account hdfc bank past month sinc salari account need maintain minimum balanc amount use atm sinc paytm servic mobil app quit easi access ever log get blank screen need chang custom servic good respond properli
"Mar 18, 2020",Kotak,17,5.0,positive,open save account kotak mahindra bank year make transact bank account provid zero balanc account find branch place take kind hidden charg
"Mar 18, 2020",HDFC Bank,9,5.0,positive,salari account maintain hdfc bank nearli year till issu friendli bank accord experi use onlin servic good custom servic good fix deposit interest rate less
"Mar 18, 2020",SBI,13,3.0,neutral,use save account sbi past year visit branch open account servic much satisfi need maintain minimum balanc k monthli basi charg applic high hidden charg use detect amount quarterli
"Mar 18, 2020",SBI,11,4.0,positive,maintain save account sbi use year save account need maintain minimum balanc rs cash withdraw shop receiv alert messag bank good app didnt interact custom servic till date rest good bank
"Mar 18, 2020",HDFC Bank,10,5.0,positive,use get salari hdfc bank compani given option bank use account past year far havent face addit hidden charg need maintain minimum balanc account atm charg applic done transact time month would suggest provid product offer
"Mar 17, 2020",Kotak,17,4.0,positive,maintain save account kotak bank year hidden charg bank visit onlin time came know bank offer zero balanc account chosen get offer messag bank end
"Mar 17, 2020",SBI,10,4.0,positive,past year maintain save account sbi branch atm servic fine whenev contact custom servic good respons use get offer messag end far hidden charg account though save account need maintain minimum balanc amount
"Mar 17, 2020",Canara Bank,23,3.0,neutral,get alert messag canara bank whenev transact end need provid better option custom check account balanc detail use visit branch get good respons end hold save account past year
"Mar 17, 2020",HDFC Bank,12,5.0,positive,maintain salari cum save account hdfc bank year need maintain minimum balanc account far hidden charg transact upto k use mobil app net bank servic good time get alert messag bank transact
"Mar 16, 2020",Canara Bank,19,4.0,positive,canara bank good app also internet bank user friendli salari cum save need maintain minimum balanc withdraw cash done shop get alert messag bank end given domest debit card
"Mar 16, 2020",Axis Bank,14,5.0,positive,maintain minimum balanc rs gst axi bank save account debit card sinc year hold account apart hidden charg bank good custom servic rate interest nomin
"Mar 16, 2020",SBI,16,5.0,positive,sbi good applic sinc use save account year need maintain minimum balanc salari come save account cash withdraw get instantli alert text get offer messag bank servic good
"Mar 16, 2020",HDFC Bank,8,5.0,positive,year use salari account hdfc bank went branch cash deposit withdraw respons good zero balanc mainten account internet bank facil mobil app user friendli dont charg hidden charg charg rs imp transact
"Mar 15, 2020",SBI,9,5.0,positive,hold account save sbi year hidden charg bank zero balanc account use mobil app net bank get alert messag bank whenev transact atm branch near reach directli
"Mar 15, 2020",Axis Bank,10,5.0,positive,hold save axi bank quit long time hidden charg bank maintain rs k minimum balanc account use mobil app internet bank user friendli access atm branch near
"Mar 15, 2020",HDFC Bank,9,5.0,positive,sinc year use hdfc bank save account salari cum save need maintain minimum balanc bank good app user friendli atm facil near servic good ever shop get instantli alert messag
"Mar 15, 2020",HDFC Bank,13,5.0,positive,use hdfc bank salari account past year net bank mobil bank servic good use check transact detail bank servic also comfort good transact safe use account much frequent
"Mar 15, 2020",HDFC Bank,15,4.5,positive,hdfc bank maintain save account salari cum save need maintain minimum balanc bank good app fine use ever withdraw cash get alert messag instantli atm servic near
"Mar 14, 2020",Citibank,8,5.0,positive,taken save account citi bank use account year branch avail near home use onlin bank facil good use deduct hidden charg need maintain minimum balanc rs l compulsori need decreas
"Mar 14, 2020",Axis Bank,11,3.0,neutral,transact axi bank year use save account keep minimum balanc monthli basi rsk put lot charg branch near resid went bank link aadhar card
"Mar 14, 2020",Axis Bank,10,5.0,positive,save account maintain axi bank salari cum save need maintain minimum balanc axi bank good applic use bank salari accountthi bank good custom servic
"Mar 13, 2020",HDFC Bank,10,5.0,positive,year purchas save account hdfc son bought home loan given account calcul averag balanc month amount rs sometim use visit branch gener enquiri branch crowd time
"Mar 13, 2020",HDFC Bank,12,5.0,positive,long back use save account hdfc bank zero balanc account sinc salari cum save ever withdraw cash get alert messag applic good hdfc bank good custom servic respond properli
"Mar 13, 2020",HDFC Bank,10,3.0,neutral,year back open salari account hdfc exist save account hdfc around year convert salari account maintain minimum balanc rs maximum atm withdraw limit rs dont deduct hidden charg
"Mar 13, 2020",Axis Bank,9,5.0,positive,hold save account axi bank year hidden charg bank zero balanc account use mobil app net bank user friendli access atm branch near resid
"Mar 13, 2020",HDFC Bank,9,5.0,positive,hdfc bank maintain minimum balanc rs use save account quit long time bank good atm facil ever cash withdraw instantli get alert messag given intern debit card
"Mar 12, 2020",Axis Bank,29,0.5,negative,axi bank limit option menu custom support mean welcom queri apart set menu phone bank number useless doesnt provid extra info let us speak custom support execut neither option write mail regard issuew directli visit bank branch alway possibl offic time branch work time expect us visit branch everi issu get resolv aleast let us write issuethi realli disgust wast time call custom support download app solut also limit option issu face non deduct auto debit set payment decid date complain pay penalti non payment due date bank take offic visit axi bank branch report work done bank
"Mar 12, 2020",SBI,13,4.0,positive,almost year back went sbi branch open save account good credibl market earlier need hold minimum balanc rs requir conveni use net bank mobil app facil find atm even remot area
"Mar 12, 2020",Citibank,10,4.0,positive,open salari account citi bank year never hassl till criteria maintain minimum balanc good use net bank mobil app facil visit branch signatur verif respons good branch
"Mar 12, 2020",Axis Bank,10,5.0,positive,hold save account axi bank year onlin open account hidden charg bank zero balanc account atm branch near reach directli get good offer messag sm charg applic rupe
"Mar 12, 2020",SBI,10,2.0,negative,hold save account sbi bank year hidden charg bank user friendli access mobil app need maintain minimum balanc account k get alert messag bank whenev transact
"Mar 12, 2020",Axis Bank,1,2.0,negative,salari account axi bank month back hidden charg bank zero balanc account use mobil app user friendli access use account transact amount mostli onlin transact rather atm
"Mar 12, 2020",Axis Bank,0,5.0,positive,open axi bank salari account last year ago maintain minimum balanc rs even though salari account dont take hidden charg comfort use net bank mobil app facil idea bank atm withdraw charg
"Mar 12, 2020",HDFC Bank,0,5.0,positive,maintain save account hdfc bank month back sinc friend suggest mean futur go take home loan open account need maintain minimum charg k nomin get offer messag end get alert messag time bank end transact
"Mar 12, 2020",SBI,1,5.0,positive,hold salari account sbi approxim yea need maintain minimum balanc around k sm atm charg applic quarterli rupe mobil app fine use atm branch servic good
"Mar 12, 2020",Kotak,1,4.0,positive,recent open save account kotak mahindra bank made transact account provid zero balanc account get valid address proof open account find branch place take kind hidden charg
"Mar 12, 2020",IndusInd Bank,5,5.0,positive,earlier previou compani provid salari account indusind bank dont take charg atm withdraw dont deduct hidden charg use mobil app bank better use zero balanc account use
"Mar 12, 2020",SBI,0,5.0,positive,overal use state bank account year past year use salari account anyway need maintain minimum balanc rs chosen bank nativ open account deposit easi way cash deposit machin transact app
"Mar 12, 2020",Axis Bank,1,3.0,neutral,axi bank good custom care interact custom polit way friend refer bank henc chose bank save account zero balanc account use nice use net bank facil overal im happi servic
"Mar 11, 2020",SBI,1,4.0,positive,use sbi salari account use frequentlyi use account past year use net bank well mobil bank servic user friendli use money transfer well credit card bill payment custom servic also good drawback face far
"Mar 11, 2020",Canara Bank,8,4.0,positive,open save account canara bank use last year chosen account home town branch locat nearbi place execut respons good need hold minimum balanc rs app facil conveni use could find branch atm place
"Mar 11, 2020",SBI,3,5.0,positive,year open salari account state bank india bank account conveni use given zero balanc account went branch get passbook get atm card well respons okay branch cashless one branch crowd
"Mar 11, 2020",Kotak,2,5.0,positive,go year sinc im use save account kotak mahindra bank like servic salari also get credit account im fine net bank mobil app facil visit branch chang mobil number servic good branch also
"Mar 11, 2020",SBI,1,5.0,positive,compar earlier sbi provid good servic hold account year open person use need maintain minimum balanc account branch servic fine near home reach
"Mar 11, 2020",HDFC Bank,0,5.0,positive,use save account hdfc bank almost year maintain minimum balanc rs mandatori even though salari account sometim im face issu like charg high amount im maintain balanc find branch place
"Mar 10, 2020",Canara Bank,8,5.0,positive,canara bank use salari account shift compani cannot use account yet convert save account hold account past year sm charg applic rupe nomin atm charg rupe use mobil app net bank user friendli access
"Mar 10, 2020",HDFC Bank,0,5.0,positive,hold salari account hdfc past year sinc salari account need maintain minimum balanc amount transact time exceed atm charg rupe mobil app user friendli face server issu custom servic good respons
"Mar 10, 2020",HDFC Bank,1,3.0,neutral,hold save account person need hdfc bank year hidden charg bank need maintain minimum balanc amount k account charg applic rupe plu gst use net bank user friendli access
"Mar 10, 2020",Kotak,1,4.0,positive,recent open save account kotak bank last decemb need maintain minimum amount k onlin save account nomin charg atm branch near home far got time offer messag end
"Mar 10, 2020",Axis Bank,1,5.0,positive,save account chosen axi bank open account year previou compani salari account convert save account zero balanc account use branch respons good staff help find branch atm almost place
"Mar 10, 2020",HDFC Bank,0,4.0,positive,year ago open salari account hdfc offer compani dont need maintain minimum balanc good use net bank facil visit branch respons good branch much crowd drawback limit transact bank atm
"Mar 10, 2020",HDFC Bank,0,4.0,positive,open salari account year ago never face issu till question long way connect sometim use hung call custom talk fine use net bank facil dont charg hidden charg transact smooth
"Mar 10, 2020",SBI,2,4.0,positive,save account open sbi last year ago prime minist modi ask everi citizen india need open account state bank india open account minimum balanc maintain year ask hold minimum balanc rs dont deduct hidden charg
"Mar 10, 2020",HDFC Bank,0,5.0,positive,maintain salari account hdfc past month got option open account compani branch km distanc home atm servic good realli good place get good loan card offer end
"Mar 10, 2020",SBI,2,5.0,positive,save account past year sinc famili member open account servic good prefer bank need maintain minimum amount k minimum charg applic rupe month branch quit far place get offer far
"Mar 10, 2020",IDBI,10,2.0,negative,idbi bank account benefit good henc rare use account save account open year zero balanc account use dont mobil app facil branch respons much good visit branch open account lot hassl
"Mar 10, 2020",SBI,1,5.0,positive,studi open save account state bank india colleg open account branch avail campu need maintain minimum balanc rs branch respons good visit year
"Mar 09, 2020",HDFC Bank,0,5.0,positive,work previou compani open salari account hdfc bank maintain past year suddenli chang compani open account salari yet convert hdfc account save activ didnt come across hidden charg bank
"Mar 09, 2020",Axis Bank,1,4.0,positive,axi provid chanc open salari account maintain past month hidden charg bank zero balanc account use get alert messag time bank whenev transact proper follow month appli loan updat end
"Mar 09, 2020",Axis Bank,0,5.0,positive,salari account axi bank year hidden charg bank zero balanc account easi access mobil app net bank use get alert messag mail bank whenev transact use get card offer loan
"Mar 08, 2020",SBI,1,5.0,positive,hold salari account sbi year hidden charg bank zero balanc account use net bank user friendli access use get alert messag bank whenev transact get much offer bank
"Mar 08, 2020",Axis Bank,0,5.0,positive,axi bank sale execut came compani open salari account year use zero balanc account net bank facil best easi access mobil app get notif immedi whenev im transact never visit branch till call centr respons good
"Mar 08, 2020",HDFC Bank,0,5.0,positive,hold salari account hdfc one year hidden charg bank zero balanc account use mobil app user friendli access quarterli basi charg applic rupe sm charg atm charg applic use time month
"Mar 07, 2020",HDFC Bank,0,5.0,positive,compani given option maintain salari account hdfc bank hold account year hidden charg minimum transact amount k low need maintain minimum rupe atm branch near mobil app net bank user friendli access get alert messag bank whenev transact
"Mar 07, 2020",Punjab National Bank,15,5.0,positive,recent taken pnb save account told maintain balanc rs even though im maintain minimum balanc deduct lot hidden charg atm branch near home custom servic give proper respons
"Mar 06, 2020",SBI,0,4.0,positive,use sbi salari account year transact done frequent use net bank mobil bank servic much user friendlyi use servic credit card bill paymenteach transact safe secur satisfi servic
"Mar 06, 2020",HDFC Bank,0,4.5,positive,compani gave salari account hdfc open account year may zero balanc account use good use internet bank mobil app facil visit branch chang net bank pin respons superb take extra charg custom account without custom knowledg
"Mar 06, 2020",HDFC Bank,0,5.0,positive,use hdfc save account almost year need maintain minimum balanc rs branch nearbi offic henc chosen bank staff respons realli good dont deduct hidden charg charg non balanc mainten like less requir balanc charg rs
"Mar 05, 2020",Kotak,2,4.0,positive,open save account kotak mahindra bank mainten zero balanc save purpos chosen account im much transact account use onlin bank facil mobil app avail account last month back
"Mar 05, 2020",HDFC Bank,0,4.0,positive,use salari account hdfc bank almost year zero balanc account use experienc net bank facil good use tri mobil app im receiv otp immedi whenev im onlin transact dont deduct kind addit charg
"Mar 05, 2020",HDFC Bank,0,5.0,positive,open salari account hdfc year compani provid account zero balanc account excel use net bank mobil app facil time went hdfc branch convert old cash new one transact issu respons good
"Mar 05, 2020",Axis Bank,0,3.0,neutral,use salari account axi bank year compani provid account dont need hold minimum balanc im use internet bank mobil app facil safe secur taken addit charg account
"Mar 05, 2020",HDFC Bank,0,5.0,positive,hdfc bank salari account use past year onward net bank mostli use money transfer credit card bill payment well transact safe bank servic much comfort pretti good
"Mar 05, 2020",SBI,0,4.0,positive,use salari account state bank india year proper respons call centr peopl good respons branch also regard transact detail call banker ask custom wait long time dont deduct hidden charg
"Mar 05, 2020",SBI,0,4.0,positive,sbi give attract interest rate custom chosen save account sbi im use account last year conveni use net bank facil ive download yono app phone im maintain minimum balanc account charg amount deduct rs atm debit card yearli basi
"Mar 04, 2020",Citibank,1,4.5,positive,use citi bank salari account past year net bank use neft transfer mobil bank upi payment queri contact custom servic give good respons rectifi issu bank servic much satisfi fraudul transact happen far
"Mar 04, 2020",SBI,0,5.0,positive,state bank india save account maintain minimum balanc rs everi month atm servic good whenev withdraw cash get alert messag custom servic respons good
"Mar 04, 2020",SBI,0,5.0,positive,appli car loan open save account sbi year back use account emi payment loan need maintain minimum balanc k charg applic sinc nation bank account use india use
"Mar 03, 2020",SBI,0,5.0,positive,sbi salari account user friendli transact safe secur bank servic need maintain minimum balanc rs custom servic respons good mostli go branch directli issu
"Mar 03, 2020",Citibank,1,5.0,positive,hold salari account citi bank past year hidden charg bank use get alert messag bank whenev transact mostli use onlin transact opt whatsapp also get messag
"Mar 03, 2020",Axis Bank,1,4.0,positive,axi bank salari account past year use net bank servic well mobil bank servic user friendli mostli use servic onlin payment money transfer credit card bill payment transact safe secur also servic good get good respons
"Mar 03, 2020",Axis Bank,1,4.0,positive,lot consult charg close axi bank save account charg non balanc mainten maintain k save account bank servic good staff help went branch close save account
"Mar 03, 2020",SBI,1,5.0,positive,salari account state bank india dont take hidden charg earlier salari account convert save account henc dont need maintain minimum balanc use internet bank fair use addit charg atm withdraw salari account unlimit withdraw
"Mar 03, 2020",Punjab National Bank,4,5.0,positive,use punjab nation bank salari account past year get messag alert well email alert transact bank servic good custom servic much satisfi well everi transact done frequent fraudul transact happen far
"Mar 03, 2020",Kotak,0,5.0,positive,hold save account kotak bank salari come save need maintain minimum balanc kotak bank good applic debit card charg custom servic respons give proper repli
"Mar 03, 2020",SBI,0,5.0,positive,sbi use save account year requir minimum balanc colleg father open account still use account everi shop cash withdraw get messag instantli atm servic near resid
"Mar 03, 2020",Axis Bank,0,4.0,positive,use axi bank save account past year net bank servic well mobil app use money transfer upto lakh emerg purpos also track transact safe secur fraudul transact happen custom servic also good get good respons
"Mar 03, 2020",Axis Bank,0,5.0,positive,salari account open year select axi bank treat custom satisfactori way net bank good websit easi understand custom friendli dont deduct kind hidden charg usual visit bank staff respons well manner
"Mar 03, 2020",SBI,0,5.0,positive,hold save account state bank india almost year requir maintain minimum balanc mobil app facil realli good visit branch sometim give request chang address respons good branch much crowd
"Mar 03, 2020",Kotak,0,5.0,positive,chosen save account kotak mahindra bank use account last year requir minimum balanc atm servic near resid whenev shop get alert messag
"Mar 02, 2020",SBI,4,1.5,negative,want opn siev account
"Mar 02, 2020",HDFC Bank,0,4.0,positive,get salari hdfc account henc hold account year hidden charg bank zero balanc account use mobil app user friendli access use get alert messag bank whenev transact atm branch near reach directli
"Mar 02, 2020",Punjab National Bank,4,5.0,positive,interest rate low punjab nation reason open save account bank zero balanc account use net bank facil date version went branch appli loan staff given cold respons im satisfi branch manag help
"Mar 02, 2020",Axis Bank,0,3.5,neutral,compani gave salari account axi bank use zero balanc good use mobil app net bank facil contact branch twice complain unknown charg problem rectifi dont know reason charg
"Mar 02, 2020",Axis Bank,1,5.0,positive,join custom given salari account default bank account axi bank zero balanc account im maintain minimum balanc rs quit conveni use internet bank everyth avail onlin upi payment fund transfer fd invest scheme forex
"Mar 02, 2020",HDFC Bank,1,4.0,positive,hdfc salari account charg rs maintain minimum balanc even though zero balanc mainten account rais complaint havent rectifi open account year ago went branch give good respons custom
"Mar 02, 2020",SBI,0,5.0,positive,sbi salari account past year use net bank servic well mobil bank servic servic mostli use money transfer take transact statement need travel long branch bank servic also much satisfi
"Mar 02, 2020",Axis Bank,1,3.0,neutral,year open salari account axi bank sinc branch locat near resid zero balanc account use use internet bank mobil app facil deduct charg account check custom care
"Mar 02, 2020",SBI,0,5.0,positive,sbi good bank back bone india account sbi year till im run account first bank account need hold minimum balanc rs sometim face issu deposit outsid chequ taken much high time credit money account
"Mar 02, 2020",Axis Bank,2,5.0,positive,im use axi bank last year till date face problem zero balanc account henc im maintain money okay use net bank facil charg hidden amount neft transact
"Mar 02, 2020",Axis Bank,1,5.0,positive,maintain save account axi bank past year directli visit bank open account need maintain minimum balanc k charg nomin consolid charg year rupe fine atm branch near km mobil bank net bank user friendli access
"Mar 02, 2020",Axis Bank,1,5.0,positive,salari person hold salari account axi bank given compani near year need maintain minimum balanc amount left job start busi went bank directli ask suggest account whether hold told sinc busi close account henc done
"Mar 01, 2020",Kotak,1,4.0,positive,chosen save account kotak mahindra bank use account last year account minimum balanc mainten rs dont problem use internet bank mobil app facil dont deduct kind hidden charg
"Mar 01, 2020",HDFC Bank,1,5.0,positive,open save account hdfc use year bank manag polici stabil reliabl bank need hold minimum balanc rs far know come across condit time charg
"Mar 01, 2020",SBI,0,4.0,positive,never interact sbi call centr peopl till kind enquiri save account last year open account zero balanc mainten account branch servic good bank alway rush long queue wait staff rude custom improv
"Mar 01, 2020",Axis Bank,1,4.0,positive,last year use salari account axi bank face issu till zero balanc account even though use hold minimum balanc rs wont atm withdraw money els deduct money rs cross limit
"Mar 01, 2020",SBI,0,5.0,positive,state bank india salari account compani maintain record sbi need maintain minimum balanc rs even though salari account dont cut hidden charg account withdraw upto rs atm per day
"Mar 01, 2020",Axis Bank,4,5.0,positive,hold salari account axi bank one year sinc salari account need maintain minimum balanc use get offer messag banker send alert messag time whenev transact mostli prefer use onlin transact rather atm
"Mar 01, 2020",SBI,1,4.0,positive,use sbi save account sinc five year zero balanc account use use internet bank mobil app facil that realli good deduct hidden charg account charg debit card yearli sure amount
"Mar 01, 2020",SBI,1,5.0,positive,open save account state bank india almost time father use sbi account henc recommend take account maintain balanc amount mandatori good use net bank facil send sm regard transact charg rs per year
"Mar 01, 2020",HDFC Bank,5,5.0,positive,use salari account hdfc almost year need maintain kind minimum balanc good use internet bank facil mobil app send otp time whenev im onlin transact found atm branch locat
"Mar 01, 2020",SBI,0,4.5,positive,sbi good brand sens secur public sector bank hold save account sbi around year need maintain minimum balanc nowaday im much transact account easi get thing get resolv sent mail team regard card replac issu sort till visit branch henc found custom friendli
"Mar 01, 2020",SBI,0,5.0,positive,open save account sbi year back good bank branch everi villag india need hold minimum balanc rs good use internet bank mobil app facil everi time deduct money without custom knowledg bad thing
"Mar 01, 2020",HDFC Bank,7,0.5,negative,open save account long time ago start charg everi small small thing look total unnecessari would recommend peopl go dont wast money even dont word
"Feb 29, 2020",Kotak,3,5.0,positive,hold kotak bank save account maintain account year atm charg use much rather prefer onlin transact atm branch near mobil app net bank user friendli access everi transact safe secur use get offer messag bank end
"Feb 29, 2020",HDFC Bank,0,5.0,positive,hold salari account hdfc bank year option chosen bank zero balanc account far hidden charg face bank get alert messag time whenev transact nomin charg wallet account payzap app get good offer zomato swiggi
"Feb 29, 2020",SBI,0,5.0,positive,open save account sbi eight year ago experi good like custom support need maintain minimum balanc rs took intern debit card annual fee rs
"Feb 29, 2020",HDFC Bank,0,5.0,positive,hdfc good bank execut understand custom concern well readi help cast use save account salari cum save need maintain minimum balanc even though maintain rs
"Feb 29, 2020",SBI,1,4.0,positive,open save account sbi four year ago custom support averag sbi also given intern debit card everi thing good also need maintain minimum balanc rs sinc rural area
"Feb 29, 2020",Axis Bank,1,5.0,positive,transact axi bank year use save account requir minimum balanc maintain rs branch near resid went bank directli link aadhar card thing done onlin
"Feb 29, 2020",Axis Bank,1,4.0,positive,hold salari account axi time deduct amount consolid charg applic monthli wise rupe high need maintain minimum balanc account maintain account past yea atm charg also applic rupe transact time month
"Feb 28, 2020",HDFC Bank,0,4.0,positive,hdfc bank account use save account year custom servic good wont use internet bank hdfc atm servic near resid also get alert messag cash withdraw
"Feb 28, 2020",IndusInd Bank,5,5.0,positive,salari account maintain indusind bank nearli year till issu rate interest less loan hidden charg moreov friendli bank accord experi use onlin servic good need maintain minimum balanc
"Feb 28, 2020",Axis Bank,0,4.5,positive,account axi bank use save account year internet bank easi access need maintain minimum balanc salari cum save initi either transact got fail hr problem resolv
"Feb 28, 2020",SBI,0,4.0,positive,sbi best internet bank fast easi access one use save account year withdraw cash time charg rupe maintain minimum balanc rs mainten charg high
"Feb 28, 2020",Canara Bank,5,5.0,positive,chosen save account canara bank almost year ago offer compani henc took zero balanc mainten bank internet bank mobil app facil good mani time visit branch respons prompt
"Feb 28, 2020",HDFC Bank,0,4.0,positive,transact hdfc bank month hold save account bank salari cum save account need maintain minimum balanc branch kilomet resid went bank link aadhar card thing done onlin app best thing given bio metric finger print access help need put password
"Feb 28, 2020",SBI,0,5.0,positive,sbi bank open save account year branch locat near home monthli need maintain minimum balanc rs use internet bank facil safe secur use addit charg imp neft transact
"Feb 27, 2020",Axis Bank,0,5.0,positive,save account axi bank custom care servic best need spend time easi connect minimum balanc amount rs maintain account till experienc onlin bank mobil app axi bank execut came home approach open save account provid debit card credit card easili
"Feb 27, 2020",Punjab National Bank,4,5.0,positive,chosen save account punjab nation bank branch nearest home need hold minimum balanc rs till deduct kind hidden charg use internet bank mobil app facil use deposit cash deposit machin quarterli visit branch updat passbook respons realli good
"Feb 27, 2020",HDFC Bank,0,4.0,positive,hdfc bank internet bank mobil bank easi access use save account year maintain minimum balanc rs custom servic respons good atm facil near resid
"Feb 27, 2020",SBI,0,4.0,positive,use save account sbi year maintain minimum balanc rs whenev withdraw cash shop get alert messag rate interest good sinc govern organ interest rate nomral domest debit card custom servic good internet bank easi access sbi
"Feb 27, 2020",IndusInd Bank,2,5.0,positive,save account indusind bank use account year custom servic excel need maintain minimum balanc get alert messag atm facil near resid debit card charg
"Feb 27, 2020",HDFC Bank,0,5.0,positive,use salari account hdfc almost year zero balanc account use send monthli statement properli deduct hidden charg account recommend bank other
"Feb 26, 2020",SBI,0,4.0,positive,salari account sbi past year zero balanc account far havent face sm atm charg get alert messag bank transact send offer messag till custom servic bit delay reach custom
"Feb 26, 2020",Axis Bank,1,5.0,positive,axi bank salari account past year use net bank servic well mobil bank servic user friendli servic friendli use account money transfer pay credit card bill payment transact still activ custom servic also good proper respons approach assist
"Feb 25, 2020",Axis Bank,0,5.0,positive,use axi bank salari account past month sinc recent open account use net bank servic well mobil bank user friendli access everi transact safe secur custom servic realli good satisfi servic
"Feb 25, 2020",HDFC Bank,4,5.0,positive,hdfc salari account past three year use net bank mobil bank servic user friendli access use mobil app money transfer credit card bill payment everyth good far
"Feb 25, 2020",SBI,0,5.0,positive,salari account open state bank india branch locat nearbi place need maintain minimum balanc rs internet bank facil good provid proper respons go branch deduct kind unnecessari charg
"Feb 25, 2020",Kotak,1,4.0,positive,open save account kotak mahindra bank friend recommend bank sinc work zero balanc account withdraw upto rs atm per day dont charg anyth atm withdraw even use time
"Feb 25, 2020",HDFC Bank,0,4.0,positive,open salari account hdfc year ago select hdfc salari account sinc need maintain minimum balanc good use internet bank facil branch employe good help lot
"Feb 25, 2020",Axis Bank,8,0.5,negative,need lot improv guid custom tell visit branch peopl tri chase away branch dont know hell show ad visit branch custom servic femal even listen issu tell go branch open account charg much appli new debit card told lost card someon tri access block need replac card tell pay get new card get card use account past year im use servic loan credit card total disappoint axi bank servic
"Feb 25, 2020",Kotak,1,5.0,positive,month ago taken save account kotak mahindra bank person save purpos took account provid zero mainten account open account onlin upload document onlin sent chequ book debit card courier
"Feb 24, 2020",SBI,0,3.0,neutral,save account sbi past year hidden charg bank zero balanc account need maintain minimum balanc rupe use mobil app user friendli access use get alert messag bank whenev transact atm charg applic time month rupe
"Feb 24, 2020",Kotak,1,5.0,positive,kotak mahindra bank maintain good rapport custom hold salari account kotak mahindra bank almost year zero balanc account use mobil app quit good conveni use rare visit branch respons quit prompt
"Feb 24, 2020",IndusInd Bank,5,4.0,positive,indusind salari account sinc chang compani convert save account hold account past year zero balanc account atm branch far away reach get offer messag bank end
"Feb 24, 2020",HDFC Bank,3,5.0,positive,hold salari account hdfc last month need maintain minimum balanc account atm charg transact time month deduct rupe atm branch far away place get offer messag
"Feb 24, 2020",Canara Bank,6,5.0,positive,use canara bank save account year salari cum save account need maintain minimum balanc rs also name print card mob app net bank realli super custom servic good
"Feb 24, 2020",SBI,4,5.0,positive,year back chosen salari account sbi compani refer zero balanc mainten account sbi app better use appli chequ book visit branch given applic submit employe help
"Feb 24, 2020",Kotak,0,5.0,positive,compani open salari account kotak mahindra bank hold account almost year dont need maintain minimum balanc experienc mobil app good use respons fine branch provid monthli statement ask
"Feb 23, 2020",SBI,0,4.0,positive,maximum past year open save account sbi bank need hold balanc rs experienc net bank facil good use taken extra charg account earlier bank atm withdraw send notif whenev withdraw money account
"Feb 23, 2020",Canara Bank,3,5.0,positive,canara bank servic fine hold salari account around year need maintain minimum balanc rs net bank facil fine went branch cash deposit respons good employe cooper option easi handl mobil app overal im satisfi servic
"Feb 22, 2020",SBI,0,5.0,positive,hold save account sbi year minimum balanc account k need maintain monthli basi mani atm cash face server issu per day withdraw amount k use mobil app net bank user friendli
"Feb 22, 2020",Citibank,1,5.0,positive,use citi bank salari account past yearsi use net bank servic well mobil bank servic use servic recharg money transfer contact custom servic get good responseeach everi transact safe secur
"Feb 22, 2020",Axis Bank,0,5.0,positive,axi bank salari account use past year use net bank servic well mobil bank servic user friendli use servic emi payment recharg shop use frequent custom servic also good get proper respons contact assist
"Feb 21, 2020",Canara Bank,4,5.0,positive,twelv year open save account canara bank need hold minimum balanc rs use net bank facil mobil app hassl free account use debit card charg applic use domest card custom servic good transact charg beyond charg applic
"Feb 21, 2020",SBI,0,5.0,positive,last year im use salari account sbi face issu far initi save account sbi salari get credit account actual father recommend bank good internet bank facil open account went bank respons good
"Feb 21, 2020",SBI,0,4.0,positive,salari account maintain sbi salari cum save need maintain minimum balanc keep nation bank servic much happi okay dont suffici staff use account sinc child hood transcat charg rs stop
"Feb 21, 2020",HDFC Bank,0,4.0,positive,hold save account hdfc bank year hidden charg bank zero balanc account use mobil app net bank user friendli access get alert messag bank whenev transact atm branch near resid
"Feb 21, 2020",Kotak,1,4.0,positive,open save account year back chosen kotak mahindra bank execut approach offic card use bank atm also charg month charg atm withdraw well complaint call centr prompt respons henc close account
"Feb 21, 2020",Kotak,5,1.0,negative,con daili receiv call regard loancredit card respons custom care number cannot talk execut option block call loan execut tortur daili basi
"Feb 20, 2020",Axis Bank,0,5.0,positive,year ago open axi bank salari account work previou compani convert account save need maintain minimum balanc rs orels transact requir use net bank facil option easi understand
"Feb 20, 2020",SBI,0,4.0,positive,use save account sbi year maintain minimum balanc sinc salari cum save shop cash withdraw get alert messag bank atm facil near resid give good servic
"Feb 20, 2020",SBI,0,4.0,positive,use save account sbi quit long time salari cum save need maintain minimum balanc cash cash withdraw shop get alert messag custom servic respons good
"Feb 20, 2020",IDBI,4,5.0,positive,stay seraikella citi previou job time open save account idbi use account month transfer jumshedpur unabl use account much branch bank within minut open account servic good need maintain minimum balanc rupe monthli requir
"Feb 20, 2020",SBI,0,5.0,positive,maintain salari account sbi sinc need maintain minimum balanc amount hidden charg last month rupe deduct need check atm branch lot citi done much onlin transact use ticket book use get alert messag time trasnction
"Feb 20, 2020",SBI,0,4.0,positive,use save account sbi quit long time salari come save need maintain minimum balanc whenev cash withdraw shop receiv alert messag custom servic respons good
"Feb 20, 2020",Axis Bank,0,5.0,positive,use axi bank save account long time previou compani salari account still maintain account zero balanc whenev cash withdraw shop get alert messag custom servic respons good
"Feb 19, 2020",Axis Bank,0,5.0,positive,current im hold salari account axi bank oper year mandatori maintain minimum balanc rs visit branch respons good staff help branch much crowd hardli need wait minut
"Feb 19, 2020",HDFC Bank,0,4.0,positive,offic locat home locat hdfc branch avail that reason select save account hdfc bank famili also peopl hold account bank need hold minimum balanc rs internet bank facil realli good im get otp immedi whenev onlin transact
"Feb 19, 2020",HDFC Bank,0,5.0,positive,use save account hdfc bank year salari cum save need maintain minimum balanc shop cash withdraw get alert messag custom servic good got intern debit card
"Feb 19, 2020",Axis Bank,0,5.0,positive,use axi bank save account three year maintain minimum balanc rs ever cash withdraw shop get alert messag custom servic respons good
"Feb 19, 2020",Axis Bank,7,0.5,negative,axi asap account block due multipl transact bank account nd parti involv kyc updat visit home branch time wrote applic one readi help long time bank isnt show effort side didnt even receiv prior notic bank disappoint
"Feb 18, 2020",SBI,1,5.0,positive,use state bank india save account year account need maintain minimum balanc rs visit branch open account branch respons realli good good internet bank facil
"Feb 18, 2020",Kotak,1,4.0,positive,use kotak mahindra bank salari account last year face issu account till gone branch far zero balanc account custom care servic upto mark sent mail didnt receiv repli
"Feb 18, 2020",Axis Bank,0,5.0,positive,use axi bank save account year maintain minimum balanc rs atm facil near home ever cash withdraw get alert messag custom servic respons good
"Feb 18, 2020",Axis Bank,0,4.5,positive,compani provid salari account axi bank need maintain minimum balanc rs mandatori anyway im maintain good use internet bank facil web access fast didnt visit branch sinc face problem account
"Feb 18, 2020",SBI,0,5.0,positive,sbi provid better servic charg high amount fee maintain minimum balanc amount account provid better servic went branch money relat issu henc account excel use net bank facil
"Feb 17, 2020",HDFC Bank,0,4.0,positive,hold salari account hdfc past year zero balanc account sm charg applic month rupe atm charg also applic transact bank atm time month charg applic rupe atm branch near place
"Feb 17, 2020",HDFC Bank,0,4.5,positive,hdfc bank save account past year use net bank well mobil bank servic use track transact detail bank servic much comfort transact safe yet face fraudul transact
"Feb 17, 2020",SBI,0,4.5,positive,sbi salari account user friendli transact safe secur bank servic use net bank servic well mobil bank servic mostli use money transfer recharg custom servic also good get good respons approach assist
"Feb 17, 2020",SBI,0,4.0,positive,hold salari account sbi past year hidden charg bank need maintain minimum balanc amount rupe use mobil app user friendli access use get alert messag bank whenev transact sm charg applic yearli rupe mostli use onlin transact
"Feb 17, 2020",Axis Bank,1,3.0,neutral,hold axi save account year amount consolid charg high monthli basi charg applic rupe rais complaint need atm transact less time month transact amount l month appli debit card receiv month card avail bank took long time dispatch zero balanc account sm charg quarterli basi rupe
"Feb 17, 2020",SBI,0,4.5,positive,use sbi salari account past year transact detail get messag alert fraudul transact happend far need transact detail track messag everi tansact safe bank servic pretti good comfort
"Feb 17, 2020",Canara Bank,3,3.0,neutral,use canara bank save account month everi day withdraw cash atm upto rs get alert msg bank also link account onlin like googl pay easi payment spoke bank execut directli good need improv servic
"Feb 17, 2020",HDFC Bank,0,2.0,negative,salari account hdfc bank past year though salari account need maintain minimum balanc k monthli maintain charg nomin get alert messag atm branch far away place sm atm charg
"Feb 17, 2020",HDFC Bank,0,5.0,positive,hold save account hdfc bank year hidden charg bank zero balanc account use mobil app user friendli access atm branch near mobil app net bank user friendli
"Feb 17, 2020",Kotak,1,4.0,positive,hold save salari account kotak mahindra bank year hidden charg bank zero balanc account use mobil app user friendli access atm branch near mobil app net bank user friendli
"Feb 17, 2020",Axis Bank,0,5.0,positive,use save account axi bank year salari cum save need maintain minimum balanc app easi access atm servic near resid custom servic respons good
"Feb 16, 2020",HDFC Bank,0,5.0,positive,open salari account month one month salari got credit hdfc bank transact hdfc servic good staff salari account hdfc select dont need maintain minimum balanc net bank facil okay password got expir henc visit branch respons okay
"Feb 16, 2020",Canara Bank,1,4.0,positive,open salari account canara bank almost year sinc use account without face singl issu need maintain minimum balanc rs onlin bank facil good could find option mobil app visit branch passbook entri drop chequ anyway respons good
"Feb 16, 2020",HDFC Bank,0,5.0,positive,past year use salari account hdfc bank zero balanc account never visit branch till onlin appli passbook chequ book debit card lost receiv thing time addit charg imp neft transact give offer hdfc debit card also
"Feb 16, 2020",SBI,0,4.0,positive,everyth fine sbi salari account dont get proper respons branch call branch number one readi pick call answer also respond stagger manner improv hold sbi salari account almost year need maintain minimum balanc rs k earlier convert save account salari account
"Feb 15, 2020",Axis Bank,0,5.0,positive,use save account axi bank past year visit bank open account need maintain minimum amount k high hidden charg applic monthli like around rupe high atm branch far away place mobil app work atm charg applic rupe transact time month sm charg applic quarterli basi rupe charg neglect
"Feb 15, 2020",Canara Bank,1,5.0,positive,hold salari account canara bank past year though salari account need maintain minimum amount rupe maintain charg applic rupe hidden charg also applic rupe atm branch near place bank bounc charg use debit card atm cash withdraw charg applic
"Feb 15, 2020",HDFC Bank,1,5.0,positive,open account save purpos hdfc bank month back need maintain minimum balanc amount k high charg rupe high bank also charg debit card transact atm charg applic account
"Feb 15, 2020",SBI,0,4.0,positive,hold save account sbi past year school day open account need maintain minimum amount rupe done transact monthli charg applic rupe mainli use mobil app net bank user friendli
"Feb 15, 2020",Canara Bank,1,5.0,positive,hold salari account canara bank year hidden charg bank need maintain minimum balanc use mobil app net bank user friendli access use get alert messag bank whenev transact
"Feb 15, 2020",IDBI,7,5.0,positive,use salari account idbi bank bank servic good went branch respons good staff help zero balanc account use total im quit satisfi servic send notif immedi whenev transact
"Feb 15, 2020",IndusInd Bank,1,4.0,positive,past year use salari account indusind bank zero balanc account net bank facil good im unabl open app time get hang never visit branch kind request offer debit card
"Feb 15, 2020",Kotak,1,5.0,positive,save account kotak bank year even though save account need maintain minimum balanc open account onlin execut came home complet kyc process done time atm charg applic plu gst per year
"Feb 15, 2020",SBI,0,3.0,neutral,year hold salari account sbi dont use mobil app net bank facil use emerg purpos use visit branch regular basi respons much prompt need upgrad new featur staff behavior must chang
"Feb 15, 2020",Kotak,0,5.0,positive,hold salari account kotak bank year need maintain minimum amount monthli basi mani branch avail citi compar other mobil app user friendli access whenev contact servic respons
"Feb 15, 2020",Axis Bank,2,3.0,neutral,earlier salari account axi bank left compani convert salari account save account proper custom support axi bank charg lot hidden charg im maintain minimum balanc given request close account didnt
"Feb 15, 2020",SBI,1,5.0,positive,sbi provid full support save account easi connect call centr peopl year open save account sbi good servic need hold minimum balanc rs k internet bank servic realli fine
"Feb 15, 2020",Axis Bank,0,4.0,positive,hold salari account axi bank year hidden charg bank zero balanc account use mobil app user friendli access use get alert messag bank whenev transact atm charg applic
"Feb 14, 2020",SBI,0,5.0,positive,hold account save sbi long time hidden charg bank zero balanc account use mobil app net bank user friendli access get alert messag bank whenev transact atm branch near reach directli
"Feb 14, 2020",HDFC Bank,0,5.0,positive,salari account hdfc bank year use get mani offer messag loan card bank end zero balanc account hidden charg applic face atm charg applic rupe transact time month atm branch near use net bank user friendli access
"Feb 14, 2020",Citibank,1,4.5,positive,save account citi bank use account month need maintain minimum balanc sinc salari cum save custom servic good get alert messag cash withdraw atm servic less bank atm offic
"Feb 14, 2020",HDFC Bank,0,5.0,positive,use hdfc salari account last year zero balanc mainten account conveni use net bank facil without face hassl branch locat nearbi place respons okay given request chang address provid proper respons
"Feb 14, 2020",SBI,0,5.0,positive,work previou compani open salari account state bank india though need maintain minimum balanc rs im use account much still activ use account third parti app secondari account bank staff respons prompt overal im happi servic
"Feb 14, 2020",Axis Bank,0,5.0,positive,hold salari account axi bank almost year ago open account onlin done much knowledg bank servic zero balanc account henc never maintain minimum balanc websit easi understand
"Feb 14, 2020",IndusInd Bank,4,5.0,positive,use save account indusind bank one staff friend mine ask open account minimum balanc requir fine use internet bank mobil app facil staff respons help branch almost find atm facil place
"Feb 14, 2020",HDFC Bank,5,5.0,positive,use hdfc bank salari account use past yeari use net bank servic well mobil bank servic user friendli servic use money transfer emi transact safe secur bank servic much comfort
"Feb 14, 2020",Kotak,0,5.0,positive,year sinc im salari account kotak mahindra bank dont need maintain minimum balanc im use mobil app good use havent experienc internet bank havent visit branch kotak mahindra bank im get immedi notif whenev swipe card po machin
"Feb 13, 2020",HDFC Bank,2,4.5,positive,last year salari account hdfc bank dont need hold minimum balanc dont access net bank facil mobil applic went branch verif purpos repli prompt withdraw upto rs atm
"Feb 13, 2020",SBI,0,4.0,positive,sbi use save account quit long time maintain minimum balanc also given domest debit card custom servic respons good get alert messag ever transact
"Feb 13, 2020",HDFC Bank,0,5.0,positive,past year hold salari account hdfc bank zero balanc account also good access internet bank mobil app facil visit branch avail person loan respons good home town execut clumsi take much time respons proper follow also
"Feb 13, 2020",SBI,0,5.0,positive,took save account state bank india year open account sbi lot atm india good servic dont use internet bank facil mobil app facil fraudul activ market branch respons upto mark
"Feb 13, 2020",SBI,0,4.0,positive,open salari account sbi year dont need maintain minimum balanc account use internet bank yono app good use monthli use visit branch passbook entri respons good wont give respons immedi process get delay
"Feb 13, 2020",Citibank,2,5.0,positive,havent face issu citi bank salari account even unnecessari promot call also previou compani provid salari account citi bank zero balanc account absolut fine internet bank henc easi transact app also user friendli use
"Feb 13, 2020",HDFC Bank,0,5.0,positive,im get time respons hdfc enquir request provid crisp clear inform custom would fine sometim get mani call promot team peopl use hdfc salari account past month
"Feb 13, 2020",HDFC Bank,0,5.0,positive,almost year use salari account hdfc visit branch staff much help alloc separ relationship manag henc dont need connect call centr peopl use bank atm multipl time without addit charg
"Feb 13, 2020",HDFC Bank,0,4.0,positive,open salari account hdfc last year back zero balanc account internet bank facil easi handl take extra charg account limit withdraw money atm never gone branch kind request complaint
"Feb 12, 2020",SBI,0,4.0,positive,taken save account sbi salari cum save need maintain minimum balanc open account year ago branch avail near home use onlin bank facil good use servic okay
"Feb 12, 2020",SBI,0,5.0,positive,use save account sbi year good experi give moder interest rate save account okay im use mobil bank check balanc transact app easi access
"Feb 12, 2020",HDFC Bank,0,5.0,positive,save account hdfc bank maintain minimum balanc rs k atm facil cash withdraw shop get alert messag custom servic good yearli charg debit card rs
"Feb 12, 2020",HDFC Bank,0,3.0,neutral,use hdfc save account year rate interest higher im use mobil bank check balanc transact app easi access time get error custom servic okay
"Feb 12, 2020",SBI,0,5.0,positive,maintain save account sbi year account need maintain minimum balanc k charg applic use mobil app net bank user friendli access get credit card loan offer messag
"Feb 12, 2020",Axis Bank,0,4.0,positive,maintain save account axi bank year actual open zero balanc account need maintain minimum balanc atm branch near place mobil app net bank user friendli access
"Feb 12, 2020",SBI,0,4.0,positive,hold account save sbi year hidden charg bank maintain minimum balanc use mobil app net bank user friendli access get alert messag immedi bank whenev transact best bank
"Feb 11, 2020",SBI,0,4.0,positive,sinc sbi govern bank day execut rule maintain minimum balanc k save account use account past year charg nomin use get offer messag credit card loan well wont provid life time free card chargeabl wont prefer one
"Feb 11, 2020",Axis Bank,0,5.0,positive,save account axi bank hold past yearsin bank need maintain minimum amount k gener amount high account mainten privat sector meanwhil provid facil well hidden charg use get credit card offer messag loan
"Feb 11, 2020",IndusInd Bank,4,5.0,positive,indusind bank servic good that reason taken save account need maintain minimum balanc rs easi access internet bank mobil app facil went branch open account respons great employe help
"Feb 10, 2020",Punjab National Bank,9,3.0,neutral,use save account pnb year employe good respons end reach branch sinc open new branch near home open account bank use charg rupe transact
"Feb 10, 2020",HDFC Bank,2,4.5,positive,maintain salari account hdfc past year need hold minimum balanc monthli basi far hidden charg atm branch servic good get alert messag time transact addit charg bank
"Feb 10, 2020",SBI,0,5.0,positive,hold save account sbi year never face hidden charg mani year need maintain minimum balanc rupe whenev visit branch alway crowd respons part good end use mobil app user friendli access due debit card issu rais bank reappli card took almost day receiv card
"Feb 10, 2020",IndusInd Bank,7,4.0,positive,save account indusind bank need maintain minimum balanc salari cum save applic user friendli also mobil bank internet bank good mostli use card cash withdraw shop get alert messag whenev swipe card
"Feb 07, 2020",IDBI,10,0.5,negative,pathet servic idbi bank bank recent open salari account bank forgot regist net bank facil common mark ye form paper formal second tray transfer money googl pay possibl india countri code bank manction big great staff mess call custom care dont right thing dont technic knowledg understand problem suggest dont open account idbi bank bank better servic
"Feb 06, 2020",SBI,1,5.0,positive,hold salari account sbi year hidden charg bank though salari account need maintain minimum k monthli basi use mobil app net bank user friendli access use get alert messag bank whenev transact drawback charg applic sm everi transact
"Feb 06, 2020",Axis Bank,1,4.0,positive,maintain salari account axi bank year need maintain minimum balanc certain hidden charg applic account atm branch near place mobil app net bank user friendli access
"Feb 06, 2020",HDFC Bank,0,5.0,positive,use hdfc bank save account past year use net bank servic well mobil bank servic user friendli use servic pay credit card bill payment well money transfer overal satisfi servic
"Feb 06, 2020",Citibank,2,5.0,positive,hold salari account citi year hidden charg bank zero balanc account use mobil app net bank user friendli access use get alert messag bank whenev transact atm branch servic good
"Feb 06, 2020",SBI,0,5.0,positive,hold account save sbi year hidden charg bank maintain minimum balanc use mobil app net bank user friendli access get alert messag bank whenev transact
"Feb 06, 2020",HDFC Bank,0,5.0,positive,use hdfc bank save account salari cum save need maintain minimum balanc whenev cash withdraw get alert messag mobil applic internet bank good custom servic fine
"Feb 05, 2020",HDFC Bank,0,4.0,positive,salari account maintain hdfc bank past year use get offer messag bank loan credit card need maintain minimum balanc also atm charg bank use get offer messag product well overal good servic
"Feb 05, 2020",SBI,0,4.0,positive,save account sbi year need maintain minimum balanc k use get alert messag time whenev transact atm charg monthli basi far issu hold account bank
"Feb 04, 2020",Canara Bank,1,3.0,neutral,open save account canara bank person need home town one atm machin avail custom support good respons due reason use much also get offer gener use maintain rupe account
"Feb 04, 2020",SBI,0,5.0,positive,hold save come salari account sbi past year hidden charg account need maintain minimum balanc k nowaday get alert messag time receiv end use get card offer messag appli applic process
"Feb 03, 2020",Axis Bank,1,3.0,neutral,use axi bank save account year need improv servic good rais queri regard chequ wont get proper solut bank end use mobil app net bank user friendli access atm near place
"Feb 03, 2020",Kotak,0,5.0,positive,hold save account kotak bank year mobil applic user friendli use view statement fund transact charg debit card atm suffici less need maintain minimum balanc bank execut respons good
"Feb 03, 2020",Axis Bank,0,5.0,positive,use axi bank save account year need maintain minimum balanc account use net bank mobil app user friendli access use get offer messag end mani atm branch avail citi
"Feb 03, 2020",Kotak,1,4.0,positive,use save account kotak quit long time maintain minimum balanc k servic good withdrawn cash get alert messag provid debit card use india overal servic good
"Feb 02, 2020",IDBI,5,4.5,positive,hold save account idbi year mobil applic user friendli use view statement fund transact charg debit card atm suffici bank execut respons good
"Feb 02, 2020",SBI,2,2.0,negative,taken save account sbi salari cum save need maintain minimum balanc internet bank good custom servic averag charg debit card also get alert messag cash withdrawn
"Jan 31, 2020",SBI,0,5.0,positive,student open save account state bank india never contact custom care kind issu hold account almost year nowaday im transact account need maintain minimum balanc rs activ onlin bank facil till
"Jan 31, 2020",HDFC Bank,0,5.0,positive,lost debit card call call centr peopl realli help year compani provid salari account hdfc zero balanc account never visit branch till net bank facil great easi conveni use
"Jan 31, 2020",IDBI,4,5.0,positive,taken save account idbi bank around year back branch near place like walk abl distanc servic good need hold minimum balanc rs im use net bank facil deduct kind hidden charg withdraw rs atm
"Jan 31, 2020",HDFC Bank,0,4.0,positive,open save account hdfc branch nearbi home henc easi access select bank even though save account salari get credit account good use net bank facil didnt face problem mobil app
"Jan 31, 2020",SBI,0,5.0,positive,use sbi save account hold year past year use net bank well mobil bank servic use money transfer credit card bill payment also recharg bank servic comfort much satisfi
"Jan 30, 2020",Axis Bank,0,5.0,positive,open salari account axi bank year compani provid account zero balanc account good use internet bank mobil app facil charg atm withdraw per rbi rule sm get notif immedi whenev transact
"Jan 30, 2020",SBI,0,4.5,positive,sbi save account past year get messag alert well email alertscustom servic also good get good respons contact assist accord experi bank bank servic much comfort satisfi
"Jan 30, 2020",Axis Bank,0,4.5,positive,open save account axi bank year ago went branch directli open account need maintain minimum balanc easi access internet bank mobil app branch experi also good
"Jan 30, 2020",HDFC Bank,0,5.0,positive,use hdfc bank save account year never withdrawn cash gener use upi net bank googl pay easi payment spoke bank execut directli good overal servic respons good
"Jan 30, 2020",Kotak,1,4.0,positive,save account kotak bank year zero balanc account atm charg avail usual use transact less mostli use onlin transact atm branch servic good
"Jan 30, 2020",Axis Bank,0,5.0,positive,open salari account axi bank friend recommend chose account zero balanc account good use net bank facil mobil app went angam branch respond well custom call centr give proper respons need improv
"Jan 30, 2020",SBI,0,5.0,positive,open save account sbi year back experi good like custom servic also good need maintain minimum balanc k took intern debit card annual fee sure
"Jan 30, 2020",Kotak,0,4.0,positive,open save account kotak mahindra bank appli save account onlin never made transact till dont need visit branch directli everyth onlin select bank log net bank easi access collect execut came place get document
"Jan 30, 2020",HDFC Bank,0,4.0,positive,start use salari account hdfc account year ago zero balanc account withdraw rs per day visit branch give chang address request respons okay staff help peopl doesnt current address proof must provid option updat address onlin
"Jan 29, 2020",HDFC Bank,0,5.0,positive,salari account maintain hdfc bank nearli year zero balanc account need maintain minimum balanc till issu rate interest less loan hidden charg moreov friendli bank accord experi use onlin servic good
"Jan 29, 2020",HDFC Bank,0,5.0,positive,use hdfc bank save account recent open myselfi use net bank well mobil bank servic use money transfer credit card bill payment also rechargecustom servic also good satisfi servic far
"Jan 29, 2020",Axis Bank,2,2.0,negative,salari account maintain axi bank transact bank year requir minimum balanc branch near resid custom servic respons good need improv servic
"Jan 29, 2020",HDFC Bank,0,4.0,positive,hdfc good bank execut understand custom concern readi help cost use save account last month maintain minimum balanc rupe custom servic respons good
"Jan 29, 2020",Axis Bank,0,5.0,positive,open salari account axi bank mani year ago went branch open account need maintain minimum balanc rs easi access internet bank mobil app branch experi good employe proper servic
"Jan 29, 2020",SBI,1,3.0,neutral,sbi save account past year get messag alert well email alertscustom servic also good get good respons contact assists accord experi bank servic much comfort satisfi
"Jan 29, 2020",SBI,1,5.0,positive,father taken hous loan ask open save account sbi month open account need maintain minimum balanc rs dont activ net bank facil mobil app went branch servic good
"Jan 29, 2020",HDFC Bank,0,3.0,neutral,use hdfc salari account almost year provid internet bank mobil bank good hassl free account use never face problem till custom servic respons good
"Jan 28, 2020",HDFC Bank,1,2.0,negative,hdfc custom care servic good deal branch time singl issu salari account earlier convert save account later need maintain minimum balanc rs withdraw rs day get notif immedi whenev transact
"Jan 28, 2020",SBI,2,2.0,negative,sbi provid hopeless servic custom peopl knowledg compar bank ask clarif need roam around peopl differ author wait time high use account beyond year need get loan account necessari avail atm branch nearbi place chose account need improv lot onlin bank
"Jan 28, 2020",Kotak,0,5.0,positive,kotak mahindra bank account hold father year sinc nomine transfer account name need hold minimum balanc rs bank servic good atm servic low much conveni need work
"Jan 28, 2020",HDFC Bank,0,5.0,positive,use hdfc bank salari account past year use net bank servic well mobil bank servic user friendli use servic money transfer credit card bill payment satisfi servic far
"Jan 28, 2020",Kotak,0,5.0,positive,month ago took save account kotak mahindra bank base friend refer maintain minimum balanc rs good use net bank facil mobil app onlin open account sent debit card chequ book courier
"Jan 28, 2020",SBI,0,5.0,positive,year back chosen save account state bank india govern base bank im maintain minimum balanc rs im use mobil app comfort use net bank facil easi access visit branch staff support
"Jan 28, 2020",HDFC Bank,0,4.0,positive,hdfc servic good taken person loan transfer money provid account open sure minimum balanc good use internet bank facil fund transfer easili call custom care respons quick
"Jan 28, 2020",SBI,0,4.0,positive,salari account sbi charg minimum balanc mainten cash deposit withdraw get messag alert use account almost year good use internet bank mobil app facil visit branch employe respons realli nice
"Jan 28, 2020",Kotak,0,5.0,positive,open save account kotak bank year back main reason use account dont need visit branch even open account execut came place collect document zero balanc account mobil app good compar bank
"Jan 28, 2020",HDFC Bank,0,1.0,negative,use hdfc salari account almost year provid internet bank mobil bank hassl free servic branch servic respons good need improv servic also charg high interest
"Jan 28, 2020",Axis Bank,0,5.0,positive,use axi bank save account year need maintain minimum balanc salari account custom servic respons good also get regular alert messag withdrawn cash atm
"Jan 28, 2020",HDFC Bank,3,5.0,positive,salari account hdfc bank default account provid compani im get notif immedi transact use account almost year zero balanc sinc salari account custom servic good
"Jan 27, 2020",SBI,0,5.0,positive,salari account state bank india need hold minimum balanc rs internet bank mobil app facil realli good went branch much crowd staff handl custom well total im happi servic
"Jan 27, 2020",SBI,0,5.0,positive,use sbi save account year salari cum save account provid interest rate good zero balanc account provid debit card charg custom servic respons good
"Jan 27, 2020",SBI,0,5.0,positive,salari account sbi take lot charg like minimum balanc mainten cash deposit withdraw use account almost year good use internet bank mobil app facil visit branch employe respons realli nice
"Jan 27, 2020",HDFC Bank,1,5.0,positive,use hdfc salari account almost year provid internet bank mobil bank chequ book hassl free account use never face problem till frequent visit branch loan concern respons realli good staff cooper
"Jan 27, 2020",Kotak,0,4.0,positive,open save account kotak mahindra bank year back previou compani salari account left compani stop use account didnt convert save account also never use internet bank facil mobil app realli good recent sent messag chang account save account zero balanc account
"Jan 27, 2020",HDFC Bank,0,4.0,positive,use hdfc save account salari come save use account year good experi give interest rate save account okay im use mobil bank check balanc transact app easi access
"Jan 25, 2020",HDFC Bank,0,5.0,positive,taken salari account hdfc bank default account provid compani im get notif immedi transact use account almost year zero minimum balanc account sinc salari account never step branch till
"Jan 25, 2020",SBI,0,4.0,positive,use salari account state bank india sinc im use account bank servic good branch servic get differ depend branch peopl need maintain minimum balanc custom care improv sbi queri wont respond properli take much time branch
"Jan 25, 2020",SBI,0,5.0,positive,open salari account state bank india without particular reason zero minimum balanc account sinc salari account withdraw rs atm take kind extra charg branch littl bit crowd staff respons good
"Jan 24, 2020",Canara Bank,7,1.0,negative,save account canara bank huge queue branch even want singl transact employe polit profess word speak custom use account year parent creat account name young
"Jan 24, 2020",HDFC Bank,0,5.0,positive,dont issu hdfc bank regard servic assign custom relationship offic problem get resolv easili hold salari account bank year great net bank facil visit nearbi branch occas basi staff genuin
"Jan 24, 2020",SBI,0,4.0,positive,hidden charg deduct sbi took save account year ago famili recommend bank need maintain balanc rs good use net bank facil mobil app branch much crowd respons realli good
"Jan 24, 2020",HDFC Bank,1,4.0,positive,best hdfc account provid good servic hold account year need hold minimum balanc rs whenev im need use visit branch cash withdraw respons realli good staff respons quit good
"Jan 24, 2020",HDFC Bank,3,5.0,positive,salari account hdfc bank good bank use use account year account provid offic zero balanc account provid offer even debit card im interest bank servic fine branch
"Jan 24, 2020",Axis Bank,0,5.0,positive,open axi bank account year salari account easi fund transfer app net bank recent visit branch chang save account defens account zero mainten account whenev visit branch staff help
"Jan 24, 2020",Kotak,0,5.0,positive,hold salari account last year kotak mahindra bank execut came offic open account im frequent user net bank issu work custom request would fine dont need maintain minimum balanc account
"Jan 24, 2020",Axis Bank,0,5.0,positive,open salari account axi bank use account im use net bank facil realli good axi bank branch servic good provid prompt respons custom deduct hidden charg
"Jan 24, 2020",HDFC Bank,0,5.0,positive,use hdfc bank save account year account bank need maintain minimum balanc time deposit either rs k k like custom servic good domest debit card
"Jan 23, 2020",Axis Bank,0,4.0,positive,use axi bank salari account year mobil applic user friendli easi fund transfer reward debit card annual charg join fee rs atm suffici check charg
"Jan 22, 2020",SBI,0,4.0,positive,use sbi save account year need maintain minimum balanc net bank facil good take hidden charg cash withdraw deposit custom servic respons good sbi
"Jan 22, 2020",SBI,0,5.0,positive,sbi save account past year use net bank servic well mobil bank servic servic use money transfer util bill payment recharg custom servic also good transact safe secur satisfi bank servic
"Jan 22, 2020",IDBI,6,5.0,positive,idbi provid good servic custom salari account zero balanc account branch staff help custom im get good connect mobil app take addit charg without knowledg withdraw upto rs atm per day
"Jan 22, 2020",HDFC Bank,0,5.0,positive,last year use salari account hdfc sale execut came offic open account use visit branch frequent respons fine internet bank facil fast sinc salari account dont need maintain minimum balanc download app also
"Jan 22, 2020",Axis Bank,0,5.0,positive,use axi save account sinc frequent use net bank servic well mobil bank servic money transfer pay emi check account transact detail bank servic custom servic good
"Jan 22, 2020",SBI,0,5.0,positive,year back open save account state bank india main usag account branch locat near home due chosen bank branch crowd time staff respons good dont take hidden charg
"Jan 22, 2020",HDFC Bank,0,4.0,positive,salari account open hdfc bank around year zero balanc account base usag maintain balanc sometim internet bank facil good use get offer debit card im use account much
"Jan 21, 2020",SBI,1,2.0,negative,save account state bank india im util account last year respond properli lost atm card year back appli card branch fill form manual gave staff still didnt receiv even though visit branch mani time work complet
"Jan 21, 2020",SBI,0,5.0,positive,sbi salari account past year servic good face issu use net bank servic good contact custom servic get good responseif need check transact detail check onlin well use formoney transfer
"Jan 21, 2020",SBI,1,5.0,positive,use salari account sbi year need maintain minimum balanc rs net bank facil outstand add recipi detail easili take day approv take hidden charg cash withdraw deposit provid zero balanc account sinc nation bank
"Jan 21, 2020",HDFC Bank,0,5.0,positive,open salari account nearli year ago hdfc without particular reason salari account henc zero balanc account easi use internet bank mobil app awesom visit branch ask address proof chang address sinc im stay pg im unabl provid proof option chang address net bank would fine
"Jan 21, 2020",SBI,1,2.0,negative,save account sbi provid unhappi servic custom call centr well branch zero balanc account need maintain minimum balanc rs henc stop transact account even though account year old
"Jan 21, 2020",SBI,0,5.0,positive,year open save account select sbi good bank find atm anywher need hold minimum balanc rs conveni use internet bank facil take kind addit charg time branch experi fine
"Jan 21, 2020",SBI,0,4.0,positive,use sbi salari account almost year whenev visit branch tortur custom say sign mismatch internet bank facil good improv servic branch would fine hassl free account use
"Jan 21, 2020",Citibank,2,4.0,positive,save account citi bank im much transact account citi bank custom care servic superb dont need visit branch rectifi call tri resolv problem basic recommend account everyon actual previou compani salari account visit branch convert zero balanc save account never say thing
"Jan 21, 2020",HDFC Bank,0,4.5,positive,use hdfc bank salari account past year net bank servic well mobil bank servic user friendli servic use money transfer credit card bill payment well recharg also check transact historycustom servic also good doubt person relationship manag speak assist
"Jan 21, 2020",SBI,0,5.0,positive,sbi save account past year use net bank servic well mobil bank servic servic use money transfer check transact detail conveni usag well
"Jan 20, 2020",IDBI,1,5.0,positive,open save account idbi bank past year ago need maintain minimum balanc rupe charg nomin atm branch near place use net bank good use would prefer onlin transact rather atm within second use get alert messag end
"Jan 20, 2020",HDFC Bank,3,5.0,positive,hold salari account hdfc bank month zero balanc account hidden charg far use mobil app user friendli access servic good time get offer messag end
"Jan 20, 2020",SBI,0,5.0,positive,save account sbi use account year zero balanc account friend recommend got zero balanc account till issu use net bank withdrawn cash im get alert messag time
"Jan 20, 2020",HDFC Bank,2,4.5,positive,open salari account hdfc bank year compani provid salari account bank left compani chang save account zero balanc account net bank facil good use mobil app dont find issu transact
"Jan 20, 2020",Axis Bank,0,3.5,neutral,axi bank salari account hold past year use net bane servic well mobil bank servic use money transfer recharg credit card bill payment custom servic averag bank servic good
"Jan 20, 2020",SBI,0,4.5,positive,hold salari come save account sbi year hidden charg bank need maintain minimum balanc rupe use mobil app user friendli access use get alert messag bank whenev transact atm charg avail rupe use time bank bank time month
"Jan 20, 2020",Kotak,1,5.0,positive,kotak mahindra salari account use past year use net bank servic well mobil bank servic use money transfer queri need contact custom servic secur transact safe bank servic
"Jan 20, 2020",HDFC Bank,0,4.0,positive,hold save account hdfc bank past year maintain minimum balanc rsk rate interest nomin also charg debit card custom servic respons good interest rate save littl high
"Jan 20, 2020",SBI,0,5.0,positive,hold save account sbi year hidden charg bank zero balanc account use mobil app net bank user friendli access use get alert messag bank whenev transact
"Jan 20, 2020",SBI,0,5.0,positive,sbi good bank execut understand custom concern well readi help cost use save account last year need maintain minimum balanc salari come save account
"Jan 20, 2020",IndusInd Bank,2,5.0,positive,save account indusind bank sinc use account year salari cum save need maintain minimum balanc mobil applic user friendli access charg bank withdrawn use internet bank good
"Jan 20, 2020",Axis Bank,1,4.0,positive,use axi bank salari account past year frequent use net bank servic well mobil bank servic money transfer pay emi check account transact detail bank servic custom servic quit averag
"Jan 20, 2020",Citibank,1,5.0,positive,salari account maintain citi bank nearli till issu rate interest less loan hidden charg tri moreov friendli bank accord experi use onlin servic excel need maintain minimum amount
"Jan 20, 2020",IndusInd Bank,6,2.0,negative,work previou compani offer salari account indusind bank use account last year time server atm good even visit branch request ask provid written letter well cash deposit bank atm bank account take extra charg rs
"Jan 20, 2020",Kotak,0,5.0,positive,use kotak mahindra bank mobil app past year sinc open account respons okay need maintain minimum balanc account sinc salari account find issu use debit card yearli give offer debit card
"Jan 20, 2020",SBI,0,3.0,neutral,transact sbi year hold save account requir minimum balanc keep balanc monthli basi branch near resid also custom servic need improv
"Jan 20, 2020",HDFC Bank,0,5.0,positive,hold salari account hdfc bank past month custom servic respons good call custom care also respond properli zero balanc account need maintain minimum balanc
"Jan 20, 2020",Axis Bank,0,5.0,positive,hold salari account last year axi bank execut came offic given account provid chequ book debit card day zero balanc account use bank experi good branch much crowd get notif immedi transact
"Jan 20, 2020",Kotak,0,5.0,positive,hold kotak bank salari account year need maintain minimum balanc amount sm charg account best bank mobil app net bank user friendli access atm branch near within kilomet place use bank atm n number transact charg use get offer messag end
"Jan 20, 2020",HDFC Bank,3,5.0,positive,year use hdfc bank account zero balanc account salari account holderum balanc provid debit card also got chequ book custom servic good also given domest credit card
"Jan 20, 2020",Kotak,0,3.0,neutral,use kotak mahindra bank save account year branch servic good contact proper respons hidden charg account charg chequ book use get offer messag end
"Jan 20, 2020",Kotak,0,4.0,positive,open save account kotak bank person need year ago use get offer messag end everi transact safe secur servic good main benefit need maintain amount account monthli basi
"Jan 20, 2020",HDFC Bank,0,3.0,neutral,use salari account hdfc bank past year need maintain minimum balanc account sinc salari account far felt hidden charg end atm branch servic good use get alert messag time
"Jan 19, 2020",SBI,0,2.5,negative,save account sbi past year yearli mainten charg debit card around rs minimum balanc want maintain rs custom support cannot connect easili get offer like person loan drawback
"Jan 19, 2020",SBI,0,4.0,positive,hold sbi save account year need maintain minimum balanc rupe sustain monthli charg applic high use get remaind messag maintain amount sm charg applic annual basi rupe servic good
"Jan 18, 2020",HDFC Bank,0,4.0,positive,hold salari account hdfc bank year need maintain minimum amount sinc salari account face hidden charg use get alert messag time end atm branch servic good
"Jan 18, 2020",HDFC Bank,0,3.5,neutral,hold salari account hdfc bank past year sometim done chequ bounc charg high account henc im plan chang salari account take much amount account without prior intim call custom care also wont respond properli henc im fed account
"Jan 18, 2020",SBI,0,5.0,positive,open salari account state bank india year ago zero balanc account sinc salari account net bank facil realli good dont find issu bank servic realli good take kind extra charg gave withdraw limit rs per day atm
"Jan 18, 2020",SBI,0,4.0,positive,sbi branch nearbi offic that reason oper account deposit money hectic enough cdm dont proper atm bank servic good net bank facil realli good whenev go deposit cdm open center custom support doesnt help time branch would suggest improv servic
"Jan 18, 2020",SBI,0,4.5,positive,transact sbi year use salari cum save account requir minimum balanc keep balanc monthli basi branch near resid also custom servic good
"Jan 18, 2020",HDFC Bank,0,5.0,positive,open salari account hdfc bank year ago need maintain minimum balanc account hidden charg well atm charg avail transact mobil app net bank user friendli access
"Jan 18, 2020",SBI,0,4.0,positive,salari account maintain state bank india nearli year till issu rate interest less loan hidden charg moreov use onlin servic good custom servic good need improv
"Jan 18, 2020",Kotak,5,5.0,positive,open salari account kotak bank use past year sale execut came offic open account net bank facil easi understand zero balanc account never visit branch kind complaint
"Jan 18, 2020",Kotak,0,5.0,positive,year kotak mahindra salari come save account provid compani process simpl bank person came offic document interest rate good custom servic respons also good
"Jan 17, 2020",HDFC Bank,1,2.0,negative,save account hdfc whenev im go branch kind queri delay process chang salari account save account without inform charg amount also say non balanc mainten complaint bank staff readi help said rbi rule
"Jan 17, 2020",SBI,0,3.5,neutral,go sbi branch kind updat profil need give physic letter submit branch onlin refer number alon noth chang unless give physic letter branch year use account given lot option onlin still human intervent
"Jan 17, 2020",Citibank,2,5.0,positive,challeng citi bank wherev go like countri chang servic citi bank im hold salari account year zero balanc account im travel countri henc allow custom access draft balanc base salari dont charg anyth use bank atm allow us use atm across globe
"Jan 17, 2020",SBI,2,4.0,positive,sbi good bank execut understand custom concern readi help cast need improv use save account past year zero balanc account need maintain minimum balanc
"Jan 17, 2020",SBI,0,5.0,positive,sbi take kind hidden charg use salari account sbi year need maintain minimum balanc rs conveni use net bank facil withdraw money visit branch give good respons
"Jan 17, 2020",Kotak,0,5.0,positive,kotak mahindra bank hold salari account use account last year good use internet bank mobil app facil visit branch respons realli good found atm nearbi resid sometim im get offer debit card also
"Jan 17, 2020",HDFC Bank,0,5.0,positive,use save account hdfc year good experiencethi zero balanc account salari come save accountthi domest card custom servic respons good
"Jan 17, 2020",Kotak,0,4.0,positive,use save account kotak year good experi give interest rate save account okay im use mobil bank good check balanc transact applic easi access need maintain minimum balanc salari come save account
"Jan 17, 2020",HDFC Bank,2,5.0,positive,year open salari account hdfc zero balanc account visit bachup branch hyderabad respons realli good branch locat near offic find branch atm place receiv otp immedi whenev im transact
"Jan 16, 2020",Citibank,0,5.0,positive,hold salari account citi bank year zero balanc account hidden charg avail offer messag use get time base elig atm branch servic good everi transact safe secur
"Jan 16, 2020",SBI,0,5.0,positive,sbi servic good glad account open account year need maintain minimum amount hidden charg atm branch bit far away place far face charg sm alert atm withdraw
"Jan 16, 2020",Kotak,0,5.0,positive,hold save account kotak bank year need maintain minimum balanc k charg high rupe non mainten sm charg also avail rupe month use get offer messag time
"Jan 16, 2020",HDFC Bank,0,5.0,positive,open salari account hdfc bank hold account year servic prompt custom get alert messag time whenev transact atm charg avail use time month use get offer messag bank end
"Jan 16, 2020",SBI,0,5.0,positive,save account taken state bank india opt account year back scholarship purpos open account convert student account normal save account need hold balanc amount rs dont use account last year henc account block
"Jan 16, 2020",HDFC Bank,1,5.0,positive,hdfc give mani offer salari account holder year sinc hold salari account zero mainten account give offer like base purchas provid reward pointseven receiv offer person loan vehicl loan base transact
"Jan 16, 2020",Axis Bank,0,5.0,positive,open save account axi bank year back person need mobil app user friendli access tie courier servic good proper updat end account need maintain amount k charg high
"Jan 16, 2020",SBI,0,4.0,positive,sbi take unwant charg year onward salari account maintain minimum balanc rs branch open account respons good even though branch crowd staff help
"Jan 16, 2020",HDFC Bank,0,4.0,positive,hold salari account hdfc bank year need maintain minimum balanc account face hidden charg use get alert messag mail time whenev transact overal servic good
"Jan 16, 2020",Axis Bank,0,5.0,positive,around year hold salari account axi bank face troubl account provid offer axi bank debit card zero balanc account use visit branch rare basi respons good staff support help
"Jan 14, 2020",SBI,0,5.0,positive,hold save account sbi year need maintain minimum balanc k maintain amount charg applic rupe till face hidden charg use mobil app user friendli access whenev transact use get alert messag bank sm charg avail month amount rupe
"Jan 14, 2020",HDFC Bank,2,5.0,positive,open salari account hdfc bank hold account year servic prompt custom resolv queri time atm charg avail use debit card time month use get offer messag bank end
"Jan 14, 2020",SBI,1,3.5,neutral,sbi servic good happi account person need open account year need maintain minimum amount k charg applic hidden charg atm sm charg avail quarterli basi
"Jan 14, 2020",Axis Bank,0,3.5,neutral,hold salari account axi bank month bank hour deposit money atm make charg monthli basi mobil app good use atm charg avail monthli basi servic good
"Jan 14, 2020",HDFC Bank,0,4.0,positive,open account salari hdfc bank year ago sinc salari account need maintain minimum balanc use get alert messag time whenev transact user friendli use mobil app net bank servic far havent face atm charg
"Jan 14, 2020",SBI,0,5.0,positive,hold salari account sbi year hidden charg bank zero balanc account use mobil app net bank user friendli access use get alert messag bank whenev transact atm branch servic good use get offer messag end
"Jan 13, 2020",Axis Bank,0,5.0,positive,one year axi bank interest rate realli good provid save easi contact custom servic anytim zero balanc account net bank mobil app quit comfort access got domest debit card
"Jan 13, 2020",Axis Bank,5,5.0,positive,excel axi bank use salari account year extra charg atm withdraw send money immedi onlin bank rtg servic fine interest rate negoti gst higher around emi convers credit card
"Jan 13, 2020",HDFC Bank,0,5.0,positive,complet year hdfc bank salari account zero balanc charg applic withdraw difficulti net bank call custom servic respons happi got domest debit card
"Jan 13, 2020",HDFC Bank,0,5.0,positive,hold save account hdfc bank year save come salari account need maintain minimum balanc account charg avail atm branch avail use mobil app net bank user friendli access
"Jan 12, 2020",Punjab National Bank,0,4.0,positive,salari account maintain pnb bank nearli year till issu rate interest sure moreov friendli bank accord experi use onlin servic good recent year get issu get messag withdrawn cash good servic
"Jan 12, 2020",Kotak,0,3.0,neutral,year may open save account select kotak salari account atm servic less conveni use internet bank facil googl pay phone pay take addit charg much need improv custom servic spoke differ member week also net bank spoke peopl nice
"Jan 12, 2020",Kotak,0,4.5,positive,open save account kotak mahindra year select kotak good servic salari come save account need maintain minimum balanc use usa transact account transact within minut websit bank less atm center got intern card use india abroad conveni use internet bank facil mostli use applic take kind addit charg
"Jan 11, 2020",SBI,0,5.0,positive,state bank india salari account almost year use net bank servic well mobil bank servic user friendli use servi money trasfer check transact detail everi transacton safe secur fraudul transact happend far
"Jan 11, 2020",SBI,0,5.0,positive,hold save come salari account sbi year zero balanc account far felt hidden charg account atm branch everywher use mobil app yet everi transact safe secur
"Jan 10, 2020",Kotak,0,4.0,positive,open salari account kotak bank year need maintain minimum balanc hidden charg avail everi month regard chequ mainten ec use detect amount rupe sinc hold account mani year still havent receiv offer messag
"Jan 10, 2020",Canara Bank,1,4.0,positive,hold save account canara bank year far havent receiv offer messag need maintain minimum balanc hidden charg avail everi month regard chequ mainten ec use detect amount rupe
"Jan 10, 2020",SBI,0,5.0,positive,salari account associ sbi past year belong defenc civilian specif advantag account get offer pre approv loan need maintain minimum balanc went branch done kyc updat today satisfi respons drawback dont suffici cdm need avoid extra charg
"Jan 10, 2020",HDFC Bank,0,4.0,positive,salari account hdfc bank hold polici sinc year month charg rs card charg need maintain minimum balanc custom servic good interest rate littl bit high need work interest
"Jan 10, 2020",HDFC Bank,1,5.0,positive,hold account save hdfc bank year hidden charg bank salari account need maintain minimum balanc use mobil app net bank user friendli access get alert messag bank whenev transact
"Jan 10, 2020",HDFC Bank,5,5.0,positive,compani provid salari account hdfc bank use account last year zero balanc mainten account mobil bank facil good easi activ call custom care servic respons good done lot transact account whenev call guid proper way
"Jan 10, 2020",SBI,0,5.0,positive,hold save account sbi year need maintain minimum balanc account time hidden charg avail deduct amount atm branch near net bank user friendli access atm charg avail bank
"Jan 09, 2020",HDFC Bank,0,5.0,positive,hold salari account hdfc bank year hidden charg bank zero balanc account use net bank user friendli access use get alert messag bank whenev transact atm branch near reach directli
"Jan 09, 2020",SBI,1,2.0,negative,recommend sbi account anyon im satisfi bank servic first employ provid late servic custom open account sinc year maintain minimum balanc dont mind maintain maintain balanc need improv servic
"Jan 09, 2020",Kotak,1,3.5,neutral,taken kotak mahindra bank save account month ago henc dont much experi account open account onlin account activ digit bank facil appli chequ facil onlin alreadi document taken collect execut came home
"Jan 09, 2020",HDFC Bank,0,5.0,positive,open account hdfc bank year salari account sinc im employe bank provid zero balanc mainten account im use net bank facil year amount got deduct account regard call custom care went branch respons bad help use unwant word custom
"Jan 09, 2020",Punjab National Bank,4,5.0,positive,taken save account punjab nation bank almost year earlier compani salari account later left compani im transact account zero balanc hassl free account use use onlin bank mobil applic
"Jan 09, 2020",SBI,0,5.0,positive,sbi good account use transact smoothli go issu im face bank side sbi net bank servic good visit main branch citi respons prompt charg neft imp transact
"Jan 09, 2020",IDBI,0,5.0,positive,taken salari account idbi bank one year compani deposit money bank zero balanc account take extra charg provid offer debit card card transact smooth dont find error po machin
"Jan 09, 2020",SBI,0,3.5,neutral,use sbi save come salari account year need maintain minimum balanc k custom servic good proper respons end lot hidden charg applic quarterli basi use deduct amount rupe atm branch avail everi
"Jan 09, 2020",HDFC Bank,5,5.0,positive,hold account save hdfc bank month hidden charg bank salari account need maintain minimum balanc use mobil app net bank user friendli access get alert messag bank whenev transact atm branch near reach directli need improv servic
"Jan 09, 2020",Kotak,0,3.0,neutral,open save account kotak mahindra bank salari get credit account neft transfer almost year took account activ internet bank mobil app respons realli good branch zero balanc account
"Jan 08, 2020",Kotak,0,5.0,positive,kotak mahindra bank servic good need address custom onlin bank went branch open save account salari get credit account zero balanc account provid chequ book day debit card work day
"Jan 08, 2020",SBI,0,5.0,positive,open save account sbi year select bank good servic find atm anywher maintain minimum balanc rs conveni use internet bank facil use yono applic branch experi fine help lot mani thing
"Jan 08, 2020",Axis Bank,0,5.0,positive,open salari account axi bank use almost month zero balanc mainten account internet bank facil mobil app nice use visit branch till sinc dont face issu till take kind unnecessari charg
"Jan 08, 2020",SBI,1,1.0,negative,previous use save account state bank india im satisfi servic given closur request twice havent process sent debit card address receiv im maintain minimum balanc sinc given closur request
"Jan 08, 2020",SBI,0,5.0,positive,save account state bank india staff help manag friendli custom hold account long time face issu need maintain minimum balanc rs take unnecessari charg till wont much transact account
"Jan 08, 2020",Kotak,0,4.0,positive,salari account open kotak mahindra bank went branch directli open account respons great employe side im use internet bank facil mobil app conveni use take kind hidden charg
"Jan 08, 2020",SBI,3,5.0,positive,util sbi save account sinc year need maintain minimum balanc rs activ net bank mobil app addit charg atm withdraw long back visit branch servic good
"Jan 07, 2020",IndusInd Bank,3,5.0,positive,use indusind bank salari account past year use net bank servic use money transfer even track transact detail servic fraudul transact happen far contact custom servic assist take respons give good respons
"Jan 07, 2020",SBI,0,4.0,positive,earlier salari account sbi convert save account deduct money unnecessarili account maintain minimum balanc proper custom care servic mani time im receiv fake call ask account number otp im use account much
"Jan 07, 2020",HDFC Bank,0,4.0,positive,compani provid salari account last august hdfc bank zero balanc mainten account mobil bank facil good easi activ call custom care servic respons good done lot transact account whenev call guid proper way
"Jan 07, 2020",HDFC Bank,0,5.0,positive,year open salari account hdfc zero balanc account didnt call custom care servic separ mail servic henc use use net bank facil option call mail box use commun regard queri whatev promis time like hour get genuin respons need assist call mention mail
"Jan 07, 2020",HDFC Bank,0,5.0,positive,use salari account hdfc almost year need maintain minimum balanc net bank facil good mobil app better visit branch respons prompt deduc hidden charg withdraw upto rs day
"Jan 07, 2020",SBI,1,5.0,positive,hold save account sbi need maintain minimum balanc k charg applic hidden charg avail monthli basi rupe net bank servic good awar atm charg
"Jan 07, 2020",SBI,1,4.0,positive,recommend sbi account anyon im satisfi bank servic first employ provid late servic custom open account year help father sinc im awar bank system im maintain minimum balanc rs dont get suffici money atm behavior employe need chang
"Jan 07, 2020",HDFC Bank,0,5.0,positive,hold salari account hdfc bank year hidden charg bank zero balanc account use net bank user friendli access use get alert messag bank whenev transact atm branch near reach directli
"Jan 07, 2020",HDFC Bank,0,5.0,positive,use salari account hdfc year net bank facil good use visit home branch respons realli good salari account minimum balanc requir im maintain minimum balanc rs mobil app conveni access place
"Jan 07, 2020",Canara Bank,0,5.0,positive,hold salari account canara bank year hidden charg avail need maintain minimum balanc account use get alert messag time bank transact servic charg applic monthli basi rupe high
"Jan 06, 2020",HDFC Bank,0,5.0,positive,hold salari account hdfc bank year hidden charg bank minimum balanc account use mobil app yet use get alert messag bank whenev transact atm branch near reach directli
"Jan 06, 2020",HDFC Bank,1,5.0,positive,use hdfc bank save account almost year face issu till sinc salari account need maintain zero balanc account wont hidden charg custom servic respons good
"Jan 06, 2020",SBI,0,4.0,positive,hold save account sbi year zero balanc account hidden charg applic use mobil app net bank yet atm charg applic use time month would suggest reduc charg account
"Jan 06, 2020",HDFC Bank,0,5.0,positive,custom get kind offer messag hdfc bank activ facil mobil app onlin bank wont allow custom go bank interest rate less exist custom compar bank face issu
"Jan 06, 2020",HDFC Bank,0,5.0,positive,hdfc bank salari account use past year use net bank servic well mobil bank servic use credit card bill payment money transfer fraudul transact happend far transact safe secur contact custom servic assist get proper acknowledg
"Jan 06, 2020",Kotak,0,5.0,positive,hold save account kotak bank year maintain minimum balanc k account servic good much atm near place user friendli access use get alert messag time end
"Jan 06, 2020",SBI,0,5.0,positive,hold save account sbi year need maintain minimum balanc account hidden charg well atm branch servic good use mobil app net bank user friendli access
"Jan 06, 2020",Axis Bank,0,4.5,positive,open salari account axi bank year zero balanc account hidden charg applic transact purpos high bank use get offer messag bank end atm branch far reach directli
"Jan 06, 2020",HDFC Bank,0,5.0,positive,open salari account hdfc bank use account sinc take hidden charg good use internet bank mobil app facil need maintain minimum balanc branch respons good
"Jan 05, 2020",Punjab National Bank,5,5.0,positive,earlier salari account punjab nation bank convert save account servic good sinc hold account year quit conveni use internet bank facil respons branch realli good
"Jan 05, 2020",SBI,0,5.0,positive,year util benefit sbi salari account account need maintain minimum balanc rs activ net bank facil mobil app addit charg atm withdraw long back visit branch respons good
"Jan 05, 2020",SBI,0,4.0,positive,open save account state bank india year sbi need maintain minimum balanc amount im use account much withdraw money minimum balanc charg amount sbi bank servic averag rule regul familiar new gener custom
"Jan 05, 2020",Canara Bank,1,4.0,positive,previou compani provid salari account canara bank hold account almost year zero balanc mainten account benefit compar bank less charg addit charg rs sm alert appli chequ book free servic request canara bank
"Jan 05, 2020",Kotak,0,5.0,positive,kotak mahindra bank use salari account year give good servic custom term servic charg observ kotak first bank give higher interest rate base transact save account give interest
"Jan 05, 2020",Citibank,0,5.0,positive,get buy get movi ticket offer citi debit card minimum balanc maintain lakh convert zero balanc account give request bank without charg condit like use one transact exce transact month automat chang normal account penalti charg less hold account past year
"Jan 05, 2020",HDFC Bank,0,5.0,positive,salari account hdfc bank provid option zero balanc famili account add member id initi need pay rs process withdraw amount salari account becom dormant famili member account type chang normal minimum balanc mainten
"Jan 04, 2020",HDFC Bank,3,5.0,positive,use hdfc save account almost year face issu till zero balanc account wont hidden charg never get charg atm withdraw visit hdfc branch till servic good call custom care respons good
"Jan 04, 2020",Punjab National Bank,1,5.0,positive,punjab nation bank salari account past yearsi use net bank servic well mobil bank servicei use servic money transfer recharg credit card bill payment satisfi bank serviceeach transact safe secur alway
"Jan 04, 2020",Axis Bank,0,5.0,positive,hold save account axi bank year need maintain minimum balanc k sometim hidden charg applic yearli use charg atm charg applic use time month
"Jan 04, 2020",SBI,0,2.0,negative,sbi save account use past year get messag alert transact custom servic also averag transact safe secur bank servic also averag undergon difficulti use account
"Jan 03, 2020",Axis Bank,3,5.0,positive,axi bank hold salari account zero balanc account havent deduct kind hidden charg withdraw upto rs day atm respons branch realli good contact custom care respons good easi connect
"Jan 03, 2020",Canara Bank,0,3.0,neutral,use canara bank salari account get messag alert transact custom servic also good get good respons face fraudul transact far get prompt repli custom support whenev reach queri
"Jan 03, 2020",SBI,0,4.0,positive,salari account state bank india open year back year zero balanc account good use internet bank facil mobil app time open account visit branch respons fine took almost week provid chequ book debit card net bank facil
"Jan 03, 2020",SBI,0,5.0,positive,earlier open state bank india save account convert salari account monthli maintain balanc rs even though requir amount rs use account year good use internet bank facil find atm place
"Jan 03, 2020",HDFC Bank,1,5.0,positive,year sinc salari account hdfc visit hdfc branch mani time respons good quit comfort use net bank facil deduct kind hidden charg
"Jan 03, 2020",IndusInd Bank,4,3.0,neutral,day new compani provid salari account indusind bank use account much zero balanc account onlin bank facil bit low compar other given request chequ book get close automat mobil app easi access get buffer long time
"Jan 03, 2020",HDFC Bank,0,5.0,positive,year ago compani provid salari account hdfc bank hassl free account use zero balanc account hdfc net bank mobil app superb visit branch till never interact call centr peopl till
"Jan 02, 2020",SBI,0,4.0,positive,sbi provid good servic hold save account year need maintain minimum balanc k go place karnataka could find mani atm use get alert messag time bank end transact
"Jan 02, 2020",Axis Bank,0,4.0,positive,hold salari account axi bank year hidden charg bank zero balanc account use mobil app user friendli access use get alert messag bank whenev transact transact secur
"Jan 02, 2020",Kotak,1,2.0,negative,open save account person use kotak mahindra bank use one year need maintain minimum balanc k charg high much transact account keep get updat bank end transact hidden charg
"Jan 02, 2020",SBI,0,5.0,positive,state bank india salari account use past year onlyther messag alert transactionseach everi transact safe secur queri tri contact custom servic get good respons fraudul transact undergon far
"Jan 02, 2020",Canara Bank,0,4.0,positive,hold save account canara bank year citi mani atm avail far charg amount zero balanc account hidden charg yearli basi amount deduct rupe
"Jan 02, 2020",SBI,0,5.0,positive,around open save account state bank india save account till sinc branch near home select bank need maintain minimum balanc im comfort use internet bank facil went branch staff respons fine open account
"Jan 02, 2020",HDFC Bank,0,5.0,positive,use hdfc salari account almost year face issu till zero balanc account wont hidden charg sinc onlin transact lot never get charg atm withdraw visit hdfc branch till call custom care respons good
"Jan 02, 2020",SBI,0,4.0,positive,save account state bank india branch locat nearbi home chosen im maintain balanc account sinc im use account much tri onlin bank mobil app branch respons sbi averag staff much help take much time
"Jan 02, 2020",Punjab National Bank,0,4.0,positive,year ago select punjab nation bank save account without specif reason zero balanc account use internet bank mobil app nowaday im much transact account never visit branch till
"Jan 02, 2020",HDFC Bank,0,3.0,neutral,hold salari account hdfc bank year need maintain minimum balanc hidden charg internet bank mobil app user friendli access use get alert messag time bank transact
"Dec 31, 2019",HDFC Bank,0,4.0,positive,hold salari account hdfc bank year servic good respons hold account half year zero balanc account use mobil app net bank user friendli access atm charg applic time need pay rupe
"Dec 31, 2019",IndusInd Bank,2,5.0,positive,ask request respond properli indusind bank open salari account year need maintain minimum balanc rs face issu internet bank facil went branch get bank statement given prompt respons
"Dec 31, 2019",Axis Bank,0,3.0,neutral,open salari account axi bank month need maintain minimum balanc account addit charg account everi transact safe secur mobil app net bank user friendli access time atm charg applic
"Dec 31, 2019",Canara Bank,0,4.0,positive,year back took save account canara bank simpl system commun servic simpl alway organ custom need hold balanc amount rs visit branch regular basi respons nice
"Dec 31, 2019",HDFC Bank,1,3.0,neutral,hdfc bank servic averag digit fulli commun custom custom servic need improv lot actual im villag nearbi place hdfc branch avail select account maintain minimum balanc rs sinc rural area account infrastructur like govern bank branch water facil avail floor properli maintain maintain clean hygien
"Dec 31, 2019",SBI,0,5.0,positive,salari account open state bank india proper custom care servic sbi want call call centr number branch lack custom servic actual give proper respons dont want interact custom much right im use net bank facil henc im transfer money bank account im use account much everi branch staff behav rude custom need improv
"Dec 31, 2019",Axis Bank,0,4.0,positive,year ago select axi bank salari account sinc compani offer sale execut came offic open account zero balanc account net bank facil realli good mani time interact custom care servic regard mani reason respons good time offer mani time onlin bank execut visit offic regular basi show new product would fine improv transact time
"Dec 30, 2019",Axis Bank,0,4.5,positive,hold salari account axi bank use almost year benefit avail account zero balanc net bank facil realli good visit branch respons also good provid offer debit card purchas transact reflect immedi app axi bank charg consolid charg
"Dec 30, 2019",HDFC Bank,0,3.5,neutral,year salari account hdfc made transact account year use left job compani start new busi zero balanc account onlin bank facil realli good
"Dec 30, 2019",SBI,0,4.0,positive,state bank india salari account past year use net bank servic mostli credit card bill payment money transfer rare custom servic upto mark drawback face use account
"Dec 30, 2019",SBI,0,4.0,positive,sbi good bank open save account use account almost year sale execut came place open account maintain minimum balanc rs experienc mobil app onlin user interfac fine deduct hidden charg
"Dec 30, 2019",HDFC Bank,0,4.5,positive,last year ago open salari account hdfc servic realli good net bank facil realli good im use mobil app deduct hidden charg charg fund transfer facil
"Dec 30, 2019",Axis Bank,0,5.0,positive,use axi bank salari account past year use net bank servic well mobil bank servic user friendli servic easi oper money transfer also util bill payment custom servic also pretti good
"Dec 30, 2019",Canara Bank,5,3.0,neutral,canara govern undertaken bank opt save account went branch open account respons better havent got help staff open account year use internet bank mobil app facil well
"Dec 29, 2019",Axis Bank,0,5.0,positive,hold save account axi bank year hidden charg quarterli basi use pay amount rs need maintain minimum balanc rupe charg high use net bank user friendli access
"Dec 29, 2019",Axis Bank,0,5.0,positive,year took save account axi bank deposit account credit card purpos chosen bank need maintain minimum balanc rs im maintain charg upto rs everi month use onlin bank mobil app easi use extra charg fund transfer
"Dec 29, 2019",SBI,0,5.0,positive,save account sbi salari get credit account open account year sinc branch nearbi home servic good branch zero balanc account withdraw upto rs atm per day
"Dec 29, 2019",IndusInd Bank,2,5.0,positive,hold save account indusind year use net bank user friendli access use get offer messag bank end need maintain minimum balanc rs lakh custom servic respons good
"Dec 29, 2019",HDFC Bank,0,1.0,negative,even though im corpor account holder hdfc bank use didnt get singl benefit bank even though im associ bank still account activ transact whenev call custom care respons good execut
"Dec 29, 2019",Axis Bank,0,4.5,positive,end open salari account axi bank easi open account sinc complet everyth onlin appli chequ book separ charg sent debit card day zero balanc account internet bank mobil app realli good
"Dec 29, 2019",SBI,1,2.0,negative,happi servic provid state bank india charg lot hidden charg dont like due close account year ago hold account year previous student account open convert normal save account minimum balanc amount rs
"Dec 28, 2019",SBI,0,4.0,positive,hold save account sbi year hidden charg bank zero balanc account use net bank user friendli access use get alert messag bank whenev transact atm branch far away reach directli atm charg avail
"Dec 28, 2019",Kotak,0,4.0,positive,hold salari account kotak bank past month sinc salari account need maintain minimum balanc accountatm branch far away reach use net bank user friendli access use card shop use get voucher
"Dec 28, 2019",Axis Bank,0,5.0,positive,open save account axi bank year need maintain minimum balanc amount k hidden charg atm branch near reach directli use mobil app net bank user friendli
"Dec 28, 2019",Axis Bank,0,5.0,positive,hold salari account axi bank year need maintain minimum balanc account hidden charg use mobil app net bank user friendli access far face atm charg
"Dec 28, 2019",Kotak,0,4.0,positive,chosen save account kotak mahindra bank charg maintain account charg anyth yet done less number transact account usual use withdraw money kotak earlier compani salari account left
"Dec 28, 2019",Citibank,0,4.0,positive,almost year hold salari account citi bank im awar debit card offer sinc dont face issu requir contact custom care zero fee mainten account never visit branch atm machin build outsid atm avail much
"Dec 28, 2019",Canara Bank,2,5.0,positive,canara bank hidden charg net bank alway slow server wont work time deduct amount transact year save account open account bank offer zero balanc mainten select bank easi understand mobil app user interfac slow
"Dec 28, 2019",HDFC Bank,0,5.0,positive,hdfc bank provid mani benefit regard salari account like person loan two wheeler loan net bank facil fast compar bank mobil app also work fine deduct kind hidden charg give offer debit card past year use account
"Dec 28, 2019",SBI,0,2.0,negative,hold save account sbi year need maintain minimum balanc k hidden charg high compar bank yet use mobil app use get alert messag time whenev transact atm charg applic transact time month
"Dec 28, 2019",Axis Bank,0,5.0,positive,axi bank good servic hold save account year first branch vepperi need maintain minimum balanc k high due reason chang branch nearbi place minimum balanc rupe okay net bank user friendli access consolid charg plu gst
"Dec 27, 2019",Kotak,0,4.0,positive,friend suggest open save account kotak mahindra bank need maintain minimum balanc rs went bank open account provid debit card immedi bank account safe secur
"Dec 27, 2019",SBI,0,4.0,positive,hold salari account sbi year zero balanc account never hidden charg use get alert messag time bank regard transact mobil app net bank user friendli access atm charg applic
"Dec 27, 2019",SBI,0,4.0,positive,open save account state bank india use account year number atm avail citi good nation bank chosen bank easi deposit cash machin bank mani cash deposit machin
"Dec 27, 2019",HDFC Bank,0,4.0,positive,year sinc hold salari account hdfc deduct kind hidden charg addit charg imp rtg charg charg accord mention websit websit easi access zero balanc account use usual dont call custom care peopl
"Dec 27, 2019",Axis Bank,0,5.0,positive,hold salari account axi bank year need maintain minimum balanc amount receiv alert messag yet whenev transact servic good everi transact safe secur
"Dec 27, 2019",Kotak,0,3.0,neutral,use save account kotak open month branch avail near home henc chosen bank use onlin servic mobil applic bank zero balanc account happi
"Dec 27, 2019",HDFC Bank,0,5.0,positive,hold salari account hdfc bank year zero balanc account hidden charg use get alert messag time whenev transact atm near branch far km away place atm charg applic transact time month use get offer messag bank
"Dec 27, 2019",HDFC Bank,1,5.0,positive,hdfc bank servic excel zero balanc account use save account year move differ citi close account user interfac nice bank transact onlin bank everyth smooth treat custom nice go branch give proper inform
"Dec 26, 2019",Axis Bank,0,5.0,positive,axi bank save account past year use net bank servic well mobil bank servic use money transfer also track transact detail contact custom servic queri get quick respons comfort bank servic
"Dec 26, 2019",SBI,0,5.0,positive,need get token invest money sbi staff low work deposit money machin charg rs everi deposit even though central govern base bank need improv servic branch staff arrog due im visit branch nowaday ask open zero balanc account ask maintain rs account
"Dec 26, 2019",Kotak,0,5.0,positive,open save account kotak mahindra bank earlier face lot problem get atm card said use virtual debit card facil provid physic debit card ask servic charg like rs given offer like open account hold balanc rs provid credit card
"Dec 26, 2019",HDFC Bank,0,5.0,positive,hdfc servic good branch locat nearbi visit branch kind issu rectifi immedi process fast take charg deposit open account year transact year zero balanc account
"Dec 26, 2019",SBI,0,5.0,positive,state bank india salari account past year messag alert transact servic good yet contact custom servic farbank servic also good difficulti face far satisfi overal servic
"Dec 26, 2019",SBI,1,4.0,positive,time sbi offer zero balanc account open account need maintain minimum balanc never face problem bank visit branch home town respons also good wait time high improv
"Dec 24, 2019",HDFC Bank,0,4.5,positive,hdfc save account past year use net bank servic well mobil bank servic use money transfer user friendli custom servic also good need track transact taken though onlin salari come salari save account need maintain minimum balanc
"Dec 24, 2019",SBI,0,4.0,positive,sbi charg card mainten sm dont get benefit sbi zero balanc maintain rs k branch employe respond good last time went branch appli debit card manual done onlin case ppf save use call custom servic
"Dec 24, 2019",SBI,0,2.0,negative,save account sbi year first account agre maintain minimum balanc k complic maintain amount monthli basi charg applic high hidden charg
"Dec 24, 2019",SBI,1,3.0,neutral,dont get benefit sbi zero balanc mainten account branch employe respond properli last time went branch appli debit card manual even though less number custom bank took hour provid debit card whenev call call centr peopl give prompt respons
"Dec 24, 2019",Kotak,1,5.0,positive,kotak mahindra bank servic good bank locat near nativ place chosen alreadi recommend bank friend need maintain minimum balanc rs taken hidden charg went branch directli open account complet process fast
"Dec 24, 2019",IDBI,1,3.5,neutral,hold joint save account idbi bank use year zero balanc account charg applic monthli rupe transact k get alert messag bank end
"Dec 24, 2019",HDFC Bank,1,5.0,positive,hold salari account hdfc bank month hidden charg bank need maintain minimum balanc account use mobil app yet use get alert messag bank whenev transact servic good
"Dec 23, 2019",HDFC Bank,1,5.0,positive,hdfc bank save account year onlyi use net bank servic well mobil bank servic use money transfer credit card bill payment accord servic quit user friendli transact safe secur alway
"Dec 23, 2019",SBI,0,5.0,positive,sbi salari account past year use net bank servic well mobil bank servic mostli money transfer shop well rechargecustom servic also good contact assit everi transact safe secur
"Dec 23, 2019",HDFC Bank,0,5.0,positive,earlier salari account hdfc left compani convert save account henc need hold minimum amount rs never visit branch far could find atm locat overal im happi servic
"Dec 23, 2019",HDFC Bank,0,5.0,positive,hdfc bank save account past year use net bank servic well mobil bank servic use money transfer also recharg custom servic also good need track transact taken though onlin
"Dec 23, 2019",Kotak,2,5.0,positive,recent open save account kotak mahindra bank follow good zero balanc account said give call receiv alert messag regard new account give proper intim custom handl custom well
"Dec 23, 2019",SBI,0,5.0,positive,sbi salari account use past year use net bank servic well mobil bank servic good money transfer credit card bill payment recharg app much comfort track transact onlin whenev requir
"Dec 23, 2019",SBI,0,5.0,positive,sbi save account year custom servic also good contact queri get quick respons use net bank servic well mobil bank servic user friendli satisfi overal servic far
"Dec 23, 2019",SBI,0,5.0,positive,state bank india save account past year fraudul transact face far transact safe secur sbi account use track transact messag alert
"Dec 23, 2019",Kotak,0,4.0,positive,hold save account kotak bank year use net bank user friendli access zero balanc account need maintain minimum balanc get alert messag mobil stolen custom servic averag interest charg much higher compar bank also charg rs card charg complaint reimburs
"Dec 23, 2019",SBI,0,4.0,positive,open save account sbi servic nice use past year need maintain minimum balanc rs take kind hidden charg onlin bank facil realli nice overal im quit satisfi
"Dec 22, 2019",SBI,0,3.0,neutral,sbi save account past year use get alert messag everi usag everi transact safe secur difficulti face far bank servic averag far undergon difficulti use account
"Dec 22, 2019",Axis Bank,1,3.0,neutral,hold salari account axi bank year mani charg applic account like atm consolid charg zero balanc account use get alert messag time amount credit wont get messag bank contact servic yet
"Dec 22, 2019",Kotak,0,4.0,positive,kotak mahindra bank save account use almost month onlyi use net bank servic well mobil bank servic use money transferrecharg credit card bill payment servic much comfort visit bank queri sinc servic good
"Dec 22, 2019",SBI,0,4.0,positive,hold save account sbi past year use much often account need maintain minimum balanc amount thousand rupe hidden charg get much offer bank use net bank good use
"Dec 22, 2019",Axis Bank,0,5.0,positive,hold save account axi bank year use net bank user friendli access use get offer messag bank end need maintain minimum balanc k charg applic high bank use get alert messag time
"Dec 22, 2019",IDBI,2,5.0,positive,hold salari account idbi bank year need maintain minimum balanc k take charg maintain balanc amount one time face problem tri transact amount debit disburs rais complaint servic within day amount got refund atm charg applic cross time month
"Dec 22, 2019",SBI,0,5.0,positive,sbi save account year custom servic also good contact queri get quick respons use net bank servic well mobil bank servic user friendli satisfi overal servic far
"Dec 22, 2019",SBI,2,1.0,negative,sbi save account past year custom servic bank servic averag get proper respons contact custom servic comfort overal bank servic end
"Dec 21, 2019",HDFC Bank,0,5.0,positive,hdfc bank salari account use past year use net bank servic well mobil bank servic use credit card bill payment money transfer face issu far use account fraudul transact happen far
"Dec 21, 2019",HDFC Bank,0,5.0,positive,open salari account hdfc bank hold account last year zero balanc account extra charg fund transfer facil give good offer debit card visit uppal hytex citi branch servic good
"Dec 21, 2019",Canara Bank,3,4.0,positive,use save account canara bank year earlier use onlin bank mobil app facil good visit branch drop money gener inquiri respons fine minimum balanc maintain rs card charg
"Dec 21, 2019",Kotak,0,5.0,positive,hold salari account kotak bank year get issu account transfer mobil bank bank alway best need maintain minimum balanc account atm charg rs yearli exceed transact charg appli
"Dec 21, 2019",Kotak,0,4.0,positive,year salari account kotak bank zero balanc account salari come save clear use internet bank mobil app addit charg bank atm withdraw visit branch servic good domest card
"Dec 21, 2019",HDFC Bank,0,5.0,positive,open save account hdfc bank salari cum save account execut came offic open account addit charg bank use internet bank facil domest card charg
"Dec 20, 2019",Axis Bank,0,4.0,positive,chosen save account axi bank year friend work bank henc previou employ salari account automat convert save account maintain minimum balanc rs hassl use account
"Dec 20, 2019",Kotak,0,4.0,positive,use salari account kotak mahindra bank app okay find option sale execut came offic open account zero balanc account never gone branch far extra charg atm withdraw
"Dec 20, 2019",HDFC Bank,0,5.0,positive,hdfc bank salari account use past year onlyi use net bank servic well mobil bank servic user friendli servic use neft credit card bill payment money transfer custom servic also good satisfi
"Dec 20, 2019",SBI,0,4.0,positive,open save account state bank india hold account year ago face lot issu everyth got resolv bank per rbi rule need maintain minimum balanc rs issu internet bank mobil app facil
"Dec 20, 2019",SBI,1,5.0,positive,save account sbi year student account minimum balanc want maintain rs standard charg appli debit card atm suffici use net bank easi transact
"Dec 20, 2019",SBI,1,5.0,positive,reason choos sbi bank undertaken govern zero balanc account debit card usag good dont find hassl sbi hold salari account year take hidden charg use transact bank atm chargeabl
"Dec 20, 2019",Kotak,5,5.0,positive,havent use kotak mahindra bank salari account much sinc hold account one month introduc new bank employ sinc chang job zero balanc account execut came offic collect detail use internet bank mobil app facil account open take lot time strict secur protocol
"Dec 19, 2019",SBI,0,4.0,positive,state bank india debit card facil good open account almost year nativ sbi branch avail use option use debit card po machin custom care facil also prompt servic staff friendli
"Dec 19, 2019",Kotak,0,4.0,positive,sinc zero balanc account kotak mahindra bank henc need maintain minimum balanc account open save account websit execut visit place collect document never done singl transact account far week sent chequ book debit card residenti address
"Dec 19, 2019",SBI,0,5.0,positive,need stand long queue sbi branch chosen save account sbi bank locat near home begin zero balanc account chang need maintain minimum balanc rs dont use net bank facil sbi staff respons averag
"Dec 19, 2019",HDFC Bank,0,5.0,positive,maintain salari account hdfc use servic past year need visit branch hdfc sinc servic avail onlin deduct kind charg use much net bank facil alreadi im suggest account friend well
"Dec 19, 2019",Axis Bank,0,5.0,positive,axi bank salari account past year use net bank mobil bank servic use money transfer recharg credit card bill payment got direct number custom care comfort servic far
"Dec 19, 2019",SBI,0,5.0,positive,open save account state bank india maintain account almost year zero balanc account experienc net bank facil mobil app overal im happi servic
"Dec 18, 2019",Axis Bank,0,5.0,positive,axi bank charg consult charg withdraw deposit time month abl use option pm transact post charg money rs exclud gst charg reason hold account bank im receiv axi chequ client process hour earlier minimum balanc charg rs increas upto rs
"Dec 18, 2019",Axis Bank,0,5.0,positive,recent open salari account axi bank execut came offic open account fund transfer addit charg axi bank charg rs sm notif charg avoid sinc salari account easi use internet bank facil
"Dec 18, 2019",HDFC Bank,1,4.0,positive,hold salari account hdfc bank past year use debit card annual charg rs make imp transactionthey charg around rs atm transact free bank atm charg around rs
"Dec 17, 2019",Axis Bank,0,5.0,positive,use axi bank save account last year take kind hidden charg need maintain minimum balanc rs actual friend suggest bank good compar privat bank employe understand everi need custom branch net bank facil realli good
"Dec 17, 2019",SBI,0,5.0,positive,state bank india save account past year use net bank servic mobil bank servic shop money transfer custom servic also good face fraudul transact fareach everi transact safe secur
"Dec 17, 2019",HDFC Bank,0,5.0,positive,year sinc salari account hdfc zero balanc account clear use internet bank mobil app addit charg bank atm withdraw visit branch servic good
"Dec 17, 2019",HDFC Bank,0,4.0,positive,use hdfc bank salari account past year use net bank servic use credit card bill payment custom servic also good difficulti face bank servic much comfort fraudul transact happen far
"Dec 17, 2019",Axis Bank,0,5.0,positive,open salari account year back axi bank servic realli good need maintain minimum balanc rs addit charg transfer money via imp rtg account deduct money withdraw money atm
"Dec 17, 2019",Kotak,0,5.0,positive,year back open save account kotak mahindra bank demat account need maintain minimum balanc rs im use net bank facil option easili understand dont deduct charg even withdraw money bank atm
"Dec 17, 2019",HDFC Bank,0,4.0,positive,open save account hdfc chosen bank year sinc privat servic good need maintain minimum balanc rs take kind hidden charg branch servic good staff kind cooper withdraw upto rs lakh daili basi
"Dec 17, 2019",HDFC Bank,0,4.0,positive,hold hdfc salari account last year didnt face singl issu visit branch staff help good access onlin bank facil zero balanc salari account requir contact custom care directli visit branch wont recommend bank save account minimum balanc mainten charg high
"Dec 17, 2019",SBI,0,2.0,negative,earlier save account sbi like servic whenev go branch kind servic need wait long time even staff respons rude havent interact call center peopl phone
"Dec 17, 2019",Axis Bank,0,5.0,positive,axi bank servic excel employe fast servic custom care educ alway readi provid prompt respons use net bank good dont need wait long queue whenev visit branch sinc salari account minimum balanc requir take hidden charg till
"Dec 17, 2019",SBI,1,4.0,positive,use state bank india save account year use net bank servic well mobil bank servic user friendli use payment also transact use everi transact safe secur
"Dec 16, 2019",HDFC Bank,0,5.0,positive,year im hold salari account hdfc hassl free account use zero balanc account custom care servic good websit easi access transact without hassl deduct kind addit charg neft imp transact
"Dec 16, 2019",Kotak,0,5.0,positive,kotak mahindra bank salari account use recent net bank servic mobil bank servic much comfort access mostli use servic money transfer overal bank servic fine
"Dec 16, 2019",Axis Bank,0,4.0,positive,hold salari account axi bank use last year zero balanc account experienc net bank facil mobil app good visit branch year back provid prompt respons hidden charg deduct far
"Dec 16, 2019",IDBI,1,5.0,positive,idbi save account past year use net bank servic well mobil bank servic much user friendli use mostli money transfer recharg emi payment onlyam satisfi overal bank servic
"Dec 15, 2019",IndusInd Bank,3,5.0,positive,use indusind salari account last year zero balanc account select requir denomin indusind bank atm use five transact free bank atm n number transact exist bank atm notif send time mobil applic simpl user friendli
"Dec 14, 2019",Axis Bank,0,4.0,positive,use save account axi bank start use account year maintain minimum balanc rs internet bank facil mobil app easi use take kind hidden charg visit branch regard issu rectifi
"Dec 14, 2019",HDFC Bank,0,5.0,positive,hold save account hdfc bank year hidden charg bank minimum balanc account maintain k use mobil app net bank user friendli access use get alert messag bank whenev transact acb charg applic maintain minimum amount account monthli basi charg rupe
"Dec 14, 2019",Canara Bank,1,5.0,positive,im use canara bank save account much without special reason chosen bank went branch open account staff help need maintain minimum balanc rs im use net bank facil mobil app deduct annual mainten charg atm withdraw charg
"Dec 14, 2019",HDFC Bank,2,4.5,positive,month open salari account hdfc bank hidden charg bank zero balanc account use mobil app atm branch near reach directli use get offer messag shop discount avail
"Dec 13, 2019",Kotak,0,3.0,neutral,hold save account kotak bank year hidden charg account need maintain minimum balanc k high period time huge amount due reason close account year
"Dec 13, 2019",Canara Bank,1,5.0,positive,hold save account canara bank year servic good contact queri respons would prompt need maintain minimum balanc rupe charg applic rupe mobil app net bank user friendli access
"Dec 13, 2019",Axis Bank,0,3.0,neutral,save account axi bank dont much transact bank process much good use account loan repay purpos axi bank mobil app work properli everi time make problem tri talk axi bank custom care respond properli
"Dec 13, 2019",SBI,0,5.0,positive,hold salari account sbi year hidden charg bank zero balanc account use mobil app user friendli access sm alert charg applic account use get alert messag bank whenev transact atm charg applic transact time month
"Dec 13, 2019",HDFC Bank,0,3.0,neutral,use hdfc bank save account yearsi use net bank servic well mobil bank servic mostli use chequ transfer also get updat transact detail custom servic also good get proper respons
"Dec 13, 2019",SBI,0,5.0,positive,open save account state bank india took account year ago good servic bank avail account good use internet bank mobil app facil need maintain minimum balanc rs charg bank atm withdraw
"Dec 13, 2019",Axis Bank,0,5.0,positive,hold salari account axi bank past year hidden charg avail account near place one cash deposit machin nowaday servic earlier use unabl use use mobil app net bank user friendli atm charg avail
"Dec 13, 2019",Kotak,0,1.0,negative,hold save account kotak bank year whenev tri withdraw money charg applic high bank later stop use withdraw amount use mobil app net bank user friendli zero balanc account get alert messag well mail whenev transact
"Dec 13, 2019",HDFC Bank,0,5.0,positive,use salari account hdfc bank went branch servic good zero balanc account net bank mobil app use websit easi understand deduc nomin charg fund transfer per bank polici
"Dec 13, 2019",Canara Bank,0,5.0,positive,canara bank save account till use net bank servic well mobil bank servic user friendli use servic check transact detail custom servic also good difficulti face far
"Dec 13, 2019",SBI,0,5.0,positive,last year use salari account sbi conveni use internet bank mobil app facil zero balanc account frequent visit branch respons good staff respons receiv notif withdraw deposit
"Dec 12, 2019",Axis Bank,0,5.0,positive,salari account axi bank year need maintain minimum balanc charg applic account base transact mobil app net bank user friendli access contact custom servic take long time connect around minut easi
"Dec 12, 2019",SBI,0,4.0,positive,use state bank india save account past yearsi use net bank servic well mobil bank servic much usefulthi servic use money transfer user friendli face drawback far custom servic pretti good satisfi servic
"Dec 12, 2019",Axis Bank,0,3.5,neutral,hold salari account axi bank year hidden charg avail sinc salari account need maintain minimum balanc atm branch near servic good use get alert messag time
"Dec 12, 2019",Canara Bank,1,4.5,positive,person purpos open save account canara bank year need maintain minimum balanc rupe transact time atm charg applic rupe use net bank user friendli use get messag offer avail bank
"Dec 12, 2019",SBI,0,5.0,positive,hold salari account sbi year get issu account transfer mobil bank switch easi process fpr amount transfer need maintain minimum balanc account atm charg avail exceed transact charg appli
"Dec 12, 2019",HDFC Bank,0,5.0,positive,person need open save account hdfc bank year minimum balanc account k dont use much atm rather would prefer use onlin transact get offer directli get call bank provid detail use mobil app net bank user friendli
"Dec 12, 2019",Axis Bank,0,5.0,positive,hold salari account axi bank past year sinc salari account need maintain minimum balanc account charg avail account use get alert messag well mail time whenev transact atm charg applic
"Dec 11, 2019",Axis Bank,0,5.0,positive,open salari account axi bank hold account last month zero balanc account extra charg fund transfer facil give good offer debit card im yet visit branch
"Dec 11, 2019",SBI,0,4.0,positive,first offic provid salari account sbi resign job convert account save account without charg need maintain balanc rs convers earlier zero balanc account sbi staff respons good
"Dec 11, 2019",HDFC Bank,0,5.0,positive,transact hdfc bank year salari cum save account requir minimum balanc keep balanc monthli basi branch near resid custom servic good provid intern debit card
"Dec 11, 2019",SBI,1,5.0,positive,took save account year ago chosen state bank india one best bank india gone branch respons realli good tri net bank facil deduct kind hidden charg account day abl withdraw money upto rs atm classic account
"Dec 11, 2019",Canara Bank,1,5.0,positive,previou save account canara bank one public sector bank even though servic realli good need hold balanc rs year back start use account find atm place find offer transact receiv notif immedi
"Dec 10, 2019",Kotak,0,5.0,positive,kotak mahindra bank save account use past year use net bank servic well mobil bank servic use use money transfer recharg transact detail track onlin well
"Dec 10, 2019",HDFC Bank,0,5.0,positive,use salari account hdfc bank year good experi intern debit card withdraw cash everi day rs k also get alert messag transact bank atm charg rs
"Dec 10, 2019",SBI,0,3.0,neutral,sbi custom care respond properli im get lot cross talk talk hold save account sbi year zero balanc account use net bank mobil app facil visit branch month staff respons much prompt henc im satisfi
"Dec 10, 2019",SBI,0,3.0,neutral,sbi custom care respond properli im get lot cross talk talk hold save account sbi year zero balanc account use net bank mobil app facil visit branch month staff respons much prompt henc im satisfi
"Dec 10, 2019",Axis Bank,0,4.0,positive,axi bank save account use past year get messag alert well email alert custom servic also good satisfi everi transact safe secur bank servic much comfort difficulti face far
"Dec 10, 2019",Canara Bank,2,4.0,positive,hold salari account canara bank year use net bank facil easi use fund transferdebit card maintain charg around rs per year atm suffici custom support good
"Dec 10, 2019",HDFC Bank,0,4.0,positive,hdfc bank save account past year use net bank servic well mobil bank servic much user friendli use servic money transfer transact safe secur alwaysnow day go bank sinc track detail onlin
"Dec 09, 2019",Kotak,0,5.0,positive,kotak mahindra bank credit card taken bank directlythi free card credit limit realli good use cash back offer well reward point submit requir document credit cardi comfort use credit card
"Dec 09, 2019",SBI,0,2.0,negative,state bank india salari account past year use net bank servic well mobil bank servic use money transfer also check detail transact custom servic also good satisfi servic far
"Dec 09, 2019",IndusInd Bank,5,4.0,positive,sinc hold save well salari account indusidnd bank minimum balanc account maintain k high amount mainten charg applic rupe quarterli basi alert messag charg applic rupe atm charg avail annual basi rupe wont use card time atm branch near around km use mobil app net bank
"Dec 09, 2019",Kotak,0,5.0,positive,use kotak mahindra bank save account past month get messag alert well email alert everi transactionbank servic also good comfort well custom servic nice transact safe secur
"Dec 09, 2019",Axis Bank,0,4.0,positive,hold salari account axi bank past month mobil applic user friendli use applic fund transfer check offer profil get notif time email messag charg debit card
"Dec 09, 2019",HDFC Bank,0,4.5,positive,use hdfc save account past month use net bank servic well mobil bank servic use money transfer check account balanc detail custom servic also good difficulti face far complet satisfi bank servic far
"Dec 09, 2019",SBI,0,5.0,positive,save account sbi year minimum balanc requir maintain rs use debit card atm suffici mostli fund avail go bank respons good bank execut
"Dec 09, 2019",Axis Bank,0,5.0,positive,salari account axi bank past year mobil applic user friendli use app mostli fund transact tv mobil recharg custom support respons good hidden charg appli till
"Dec 09, 2019",SBI,0,5.0,positive,transact sbi bank year salari cum save account requir minimum balanc keep balanc monthli basi branch near resid custom servic good
"Dec 08, 2019",Kotak,5,5.0,positive,use person save account kotak bank sinc month actual use much prefer use onlin transact shop purpos zero balanc account charg avail account use get alert messag time bank transact
"Dec 08, 2019",HDFC Bank,0,5.0,positive,salari account hdfc bank use account almost year zero balanc account use internet bank facil mobil app regularli visit branch respons prompt addit charg bank fund transfer
"Dec 07, 2019",Axis Bank,0,5.0,positive,use axi bank salari account last year use net bank facil frequent visit branch respons good face issu account far provid offer upgrad debit card like custom card control transact app
"Dec 07, 2019",SBI,0,3.0,neutral,use save account sbi sinc custom servic respons good need improv servic withdrawn cash atm get alert messag domest card use visa card free card annual charg rs charg sm quarterli rs need chang
"Dec 07, 2019",HDFC Bank,0,5.0,positive,hdfc bank salari account use past year use net bank servic well mobil bank servic much user friendli use servic money transfer shop recharg yet contact custom servic sinc everyth good
"Dec 07, 2019",Kotak,1,5.0,positive,took save account kotak mahindra bank one year back minimum balanc requir chosen bank use onlin bank facil good never gone branch till onlin open account week sent chequ book debit card
"Dec 07, 2019",HDFC Bank,1,3.0,neutral,sinc work hdfc bank salari account provid place zero balanc account like net bank mobil facil branch servic fine provid offer debit card
"Dec 07, 2019",Axis Bank,2,2.0,negative,axi bank save account use past year use net bank servic well mobil bank servic much comfort usei use servic money transfer recharg onlin shoppingcustom servic also good accord servic averag
"Dec 07, 2019",Axis Bank,2,2.0,negative,axi bank salari account use past year use net bank servic well mobil bank servic user friendli much comfort use use servic money transfer recharg onlin shop
"Dec 07, 2019",Kotak,1,5.0,positive,im save account kotak mahindra bank sinc zero balanc account select bank yearli charg rs debit card face issu like block account due signatur mismatch visit branch said take one week resolv issu
"Dec 07, 2019",Axis Bank,0,5.0,positive,save account axi bank open month juli zero balanc account use provid offer debit card branch open account didnt visit gone nearbi branch respons good deduct kind hidden charg like atm withdraw sm notif charg
"Dec 07, 2019",Kotak,1,5.0,positive,hold salari account kotak mahindra bank month open account hassl free account use good use internet bank mobil app facil visit branch respons good total im happi servic
"Dec 07, 2019",SBI,0,5.0,positive,use save account sbi almost year custom servic respons good withdrawn cash atm get alert messag domest card use visa card free card charg minimum balanc maintain rs
"Dec 06, 2019",Kotak,5,0.5,negative,readi cheat nri pleas open account choos icici best one bank look nice readi loot nice show up choic right one suffer lot least one want open account great choic
"Dec 05, 2019",IndusInd Bank,12,0.5,negative,worst servic ever seen life indusland bank dont bother custom issu dont maitain track convers long wait call nre servic avail nonnr time disgust servic ever see
"Dec 05, 2019",Canara Bank,0,5.0,positive,canara bank save account past month save account transact detail receiv messag alert undergon difficulti far usag face fraudul transact satisfi overal bank servic
"Dec 05, 2019",SBI,1,5.0,positive,state bank india save account past month onlywil get messag alert everi transact difficulti face use account custom servic good get good respons wellther fraudul transact face far
"Dec 05, 2019",HDFC Bank,0,5.0,positive,open save account hdfc bank year ago experi good like custom support respons good thing also good bank use internet bank user friendli
"Dec 05, 2019",Punjab National Bank,2,4.0,positive,use punjab nation bank save account past year use net bank servic well mobil bank servic realli good use servic money transfer servic user friendli custom servic also good realli satisfi bank servic well
"Dec 05, 2019",SBI,2,4.0,positive,taken save account state bank india year sinc branch avail near home henc chosen use onlin bank facil good us custom servic respons good
"Dec 05, 2019",SBI,1,4.0,positive,save account sbi past year use net bank servic mostli use money transfer travel ticket book custom servic also good difficulti face far bank servic much comfort difficulti face well
"Dec 05, 2019",Canara Bank,1,5.0,positive,use canara bank save account last one year sinc like servic select bank need maintain minimum balanc rs quit comfort use onlin bank facil weekli visit branch respons prompt access atm place
"Dec 05, 2019",Canara Bank,0,5.0,positive,year sinc im use salari account canara bank never face issu till branch respons good staff help quit easi use internet bank mobil app easi access websit also
"Dec 05, 2019",Axis Bank,0,5.0,positive,hold account save axi bank sinc year till issu salari cum save withdrawn attempt atm charg use get alert messag withdraw cash atm bank atm near hous
"Dec 05, 2019",Axis Bank,0,5.0,positive,month april open salari account axi bank given zero balanc mainten salari account use internet bank facil mobil app one time visit branch chang atm pin respons unhappi give import person take loan give discount onlin shop debit card
"Dec 05, 2019",SBI,0,4.0,positive,hold save account state bank india use almost year first save account sbi avail surround reason chosen bank take lot amount non balanc mainten hidden charg
"Dec 04, 2019",SBI,1,4.5,positive,use sbi hold save account past year use mobil app net bank far first account need maintain minimum balanc k hidden charg privileg custom provid loan card offer atm branch near
"Dec 04, 2019",HDFC Bank,1,4.0,positive,recent open save account hdfc bank use account last month earlier salari account visit branch respons good good use net bank facil offer debit card deduct kind hidden charg
"Dec 04, 2019",SBI,0,3.5,neutral,hold salari plu save account sbi year minimum balanc account maintain rupe visit branch queri mark proper respons hidden charg avail use net bank due server issu stop use alert messag get delay basi atm charg avail rupe exceed time month
"Dec 04, 2019",Axis Bank,1,5.0,positive,open save account axi bank hold account compani open account transact servic nice need maintain minimum balanc rs experienc onlin bank facil
"Dec 04, 2019",HDFC Bank,1,2.0,negative,hdfc bank charg high henc wont recommend account everyon maintain minimum balanc rs quit difficult peopl previou compani provid account salari account left compani bank convert account salari account save account
"Dec 04, 2019",Canara Bank,1,4.0,positive,canara bank custom care servic nice hold account sinc need maintain minimum balanc rs face issu account use internet bank mobil app student open account
"Dec 04, 2019",SBI,0,5.0,positive,sbi good bank provid nice servic zero balanc account henc minimum balanc requir use account sinc visit branch treat custom nice
"Dec 03, 2019",Canara Bank,0,3.5,neutral,util save account canara bank year first bank account area bank avail need maintain minimum balanc rs deduct kind unwant charg charg rs bank atm withdraw
"Dec 03, 2019",Kotak,0,4.0,positive,kotak mahindra bank salari account custom care peopl much reachabl year use account conveni use mobil app net bank facil visit branch employe behav friendli
"Dec 03, 2019",SBI,0,4.0,positive,year hold save account sbi hidden charg bank minimum balanc account rupe use mobil app user friendli access prefer use onlin transact rather visit branch
"Dec 03, 2019",Canara Bank,0,5.0,positive,open salari account canara bank hold year bank execut came place open account zero balanc account use onlin bank mobil app facil went branch withdraw money respons fine
"Dec 03, 2019",SBI,0,4.0,positive,open save account sbi year need hold minimum balanc rs local area sbi branch avail chosen bank good use onlin bank facil sbi branch overcrowd one one branch mandal
"Dec 03, 2019",IndusInd Bank,4,4.0,positive,indusind bank salari account use past yearsi use net bank servic well mobil bank servic use use servic money transfer rechargecustom servic good bank servic also comfort
"Dec 03, 2019",SBI,0,4.0,positive,year hold account sbi first bank account intim maintain minimum k sm charg applic nomin use mobil app net bank user friendli access use get alert messag time bank whenev transact
"Dec 03, 2019",Axis Bank,0,4.0,positive,custom servic axi bank good use account year zero balanc account need maintain minimum balanc amount charg applic rupe nomin atm branch near reach good servic
"Dec 03, 2019",HDFC Bank,1,3.0,neutral,hold save account hdfc bank one year minimum balanc maintain rupe custom care good respons would like suggest improv sm charg avail deduct rupe debit card charg annual basi mobil app net bank user friendli
"Dec 02, 2019",SBI,0,4.0,positive,account sbi bank save account yearsthey offer platinum debit cardand card yearli charg rs open account sbi bank need pan card aadhar card kyc complet offici manger account activ within hour custom servic good face problem
"Dec 01, 2019",Axis Bank,0,5.0,positive,use axi bank salari account use past year get messag alert well email alert transact bank updat use get messag bank queri get assist custom servic satisfi overal bank servic
"Dec 01, 2019",IndusInd Bank,7,5.0,positive,indusind bank save account hold year use net bank servic well mobil bank servic user friendli need clarif track transact detail onlinecustom servic also good get good respons
"Dec 01, 2019",Axis Bank,0,5.0,positive,axi bank save account use past year use net bank servic well mobil bank servic comfort contact custom servic help get proper respons bank servic realli good satisfi
"Nov 30, 2019",Axis Bank,0,5.0,positive,hold axi bank salari account past year use net bank servic well mobil bank servic much comfort use servic money transfer recharg purpos much use fraudul transact happen far
"Nov 30, 2019",Axis Bank,0,5.0,positive,use axi bank save account past year use net bank servic well mobil bank servic much user friendli use servic money transfer recharg purpos much use contact custom servic assist use difficulti face far
"Nov 30, 2019",SBI,0,5.0,positive,state bank india salari account past year use net bank servic well mobil bank servic usefuli use money transfer custom servic also get good respons contact assist bank servic also satisfi accord
"Nov 30, 2019",HDFC Bank,1,4.0,positive,use hdfc bank salari account past month use net bank servic well mobil bank servic much comfort use servic recharg money transfer fraudul transact happen use account
"Nov 30, 2019",Axis Bank,0,5.0,positive,axi bank save account use past year receiv messag alert well email alert everi transact safe difficulti face bank servic much comfort satisfi servic far
"Nov 30, 2019",SBI,0,3.0,neutral,use state bank india save account past year use net bank servic use take bank statement much user friendli contact assist get good respons custom servic satisfi bank servic
"Nov 29, 2019",HDFC Bank,2,4.0,positive,hold salari account hdfc bank year use net bank mobil applic mobil applic easier use check transact avail balanc platinum debit card maintain charg rs per annum transact free atm charger rs even atm
"Nov 29, 2019",SBI,1,4.0,positive,hold account save sbi bank sinc year till issu withdrawn attempt atm charg get alert messag withdraw cash atm sbi bank atm near home
"Nov 29, 2019",Axis Bank,1,3.0,neutral,save account axi bank past year minimum balanc need maintain k monthli basi hidden charg applic approxim rupe atm charg avail transact time month cash transact also avail
"Nov 29, 2019",Punjab National Bank,5,5.0,positive,hold save account punjab nation bank year banker intim need maintain minimum balanc k atm branch near reach use mobil app net bank user friendli safe maintain account
"Nov 29, 2019",HDFC Bank,1,5.0,positive,maintain salari account hdfc bank past year zero balanc account need maintain minimum balanc k whenev transact get alert messag time bank end servic good prompt
"Nov 29, 2019",SBI,0,3.0,neutral,hold save account sbi year need maintain minimum balanc k chargeabl applic transact bank rupe queri use visit branch directli one time receiv fraud call renew atm card intim get otp number need share check card till year avail expir spoken call disconnect contact banker told dont share otp number
"Nov 29, 2019",HDFC Bank,1,4.0,positive,use save account hdfc bank sinc year select bank good servic find atm anywher need maitain minimum balanc use internet bank facil take kind addit charg branch experi fine
"Nov 29, 2019",Punjab National Bank,0,4.5,positive,account pnb bank past year good user friendli bank custom support respons good withdrawn cash per day rs get quick respons financi assist render bank
"Nov 29, 2019",HDFC Bank,1,4.0,positive,save account hdfc bank sinc year use account custom servic good rate interest less loan hidden charg friendli bank accord experi use onlin servic goodno card charg also domest debit card
"Nov 28, 2019",HDFC Bank,0,4.0,positive,hdfc bank salari account past year use net bank servic well mobil bank servic mobil bank servic mark net bank use money transfer satisfi bank servic
"Nov 28, 2019",Axis Bank,0,4.0,positive,hold salari account axi bank year hidden charg need pay rupe monthli basi use mobil app net bank user friendli access atm branch near reach transact time month atm charg applic rupe zero balanc account
"Nov 28, 2019",SBI,0,5.0,positive,hold account save sbi year hidden charg bank zero balanc account use mobil app net bank get alert messag bank whenev transact atm branch near reach directli
"Nov 28, 2019",HDFC Bank,0,4.0,positive,im maintain save account hdfc bank brand valu chosen bank need hold balanc rs whenev transact im receiv notif immedi deduct kind hidden charg visit branch open account took day send chequ book debit card address
"Nov 28, 2019",HDFC Bank,0,4.0,positive,hold save account hdfc bank one year account need maintain minimum balanc k hidden charg applic use mobil app net bank user friendli everi transact safe secur
"Nov 28, 2019",SBI,0,4.0,positive,hold salari account sbi past year hidden charg applic need maintain minimum balanc k atm branch near servic good get alert messag time whenev transact
"Nov 28, 2019",HDFC Bank,0,5.0,positive,hdfc bank salari account hold past year mostli util net bank mobil bank servic user friendli easi access money transfer util bill payment comfort bank servic custom servic also good get proper respons approach assist
"Nov 27, 2019",HDFC Bank,0,5.0,positive,hold hdfc bank salari account past year use net bank servic well mobil bank servic use shop recharg money transfer servic user friendli custom care also good difficulti face use account
"Nov 27, 2019",HDFC Bank,0,5.0,positive,save account hdfc bank past year net bank user friendli view current offer profil say best bank happi respons custom support also use debit card
"Nov 27, 2019",Axis Bank,0,5.0,positive,use axi bank save account sinc visa debit card intern debit card given cash limit rs rs shop withdrawn cash bank transact charg come rs within axi charg custom servic good
"Nov 27, 2019",IDBI,2,4.5,positive,hold account save idbi bank sinc till issu hidden charg bank zero balanc account use mobil applic net bank user friendli access rate interest low loan hidden charg
"Nov 27, 2019",Kotak,0,4.0,positive,kotak mahindra bank save account use past year use mobil bank servic user friendli use credit card bill payment recharg everi transact receiv notif messag
"Nov 27, 2019",HDFC Bank,0,5.0,positive,account hdfc bank past year good user friendli bank custom support respons good withdrawn cash per day rs get quick respons financi assist render bank
"Nov 26, 2019",SBI,0,4.0,positive,account activ sbi take around year hold salari account last year zero balanc mainten account mobil app onlin bank facil awesom went pre closur loan done within minut
"Nov 26, 2019",Punjab National Bank,0,4.0,positive,hold save account punjab nation bank year hidden charg bank minimum balanc account maintain rupe use get alert messag bank atm charg avail whenev transact
"Nov 26, 2019",Axis Bank,0,4.0,positive,mandatori balanc keep axi bank interest rate littl bit higher year sinc hold salari account bank transact smooth charg rs everi imp transact tri onlin bank mobil app mani option avail open fix deposit app
"Nov 26, 2019",Axis Bank,0,4.0,positive,axi bank everi month charg around rs consolid charg enquir withdraw atm charg amount month time allow withdraw money bank atm dont maintain annual fee charg
"Nov 26, 2019",Axis Bank,0,5.0,positive,salari account axi bank hold account last year minimum balanc requir didnt use internet bank facil use mobil app conveni use im sure addit charg deduct bank
